LONG,LAT,WL_MBGL,geometry,potential
73.08917,30.47,6.12704147368421,POINT (73.08917 30.47),1
73.00361,30.61306,7.460306571428572,POINT (73.00361 30.61306),1
72.80083,30.305,7.578482545454546,POINT (72.80083 30.305),1
72.85556,30.27167,8.81634,POINT (72.85556 30.27167),1
72.99472,30.36,10.8185712,POINT (72.99472 30.36),1
72.22583,30.32722,9.466834,POINT (72.22583 30.32722),1
72.37417,29.87167,11.64336,POINT (72.37417 29.87167),1
72.399,32.302,12.18,POINT (72.399 32.302),1
71.913,32.331,14.167142857142858,POINT (71.913 32.331),1
72.48076,30.53285,3.233256571,POINT (72.48076 30.53285),1
71.909,32.325,19.662,POINT (71.909 32.325),1
71.88,31.72,17.032,POINT (71.88 31.72),1
72.30639,30.52583,14.3368395,POINT (72.30639 30.52583),1
72.39833,30.44056,11.81608,POINT (72.39833 30.44056),1
72.58389,30.20194,10.334498,POINT (72.58389 30.20194),1
72.53,31.76,37.34,POINT (72.53 31.76),0
71.888,32.116,12.57,POINT (71.888 32.116),1
72.407,31.58,17.74142857142857,POINT (72.407 31.58),1
72.97,31.78,20.645,POINT (72.97 31.78),0
72.45,31.814,14.99,POINT (72.45 31.814),1
73.003,31.699,23.331666666666667,POINT (73.003 31.699),0
72.351,31.14,15.335714285714285,POINT (72.351 31.14),1
72.514,31.822,19.175,POINT (72.514 31.822),1
72.22,31.39,16.92142857142857,POINT (72.22 31.39),1
72.528,31.898,22.542857142857144,POINT (72.528 31.898),0
72.513,31.899,15.23857142857143,POINT (72.513 31.899),1
72.40333,30.57111,5.5464456,POINT (72.40333 30.57111),1
72.46778,30.47972,11.406759000000001,POINT (72.46778 30.47972),1
72.64306,30.31528,11.36904,POINT (72.64306 30.31528),1
72.83694,30.32944,11.335512,POINT (72.83694 30.32944),1
72.58639,30.535,11.031346999999998,POINT (72.58639 30.535),1
72.63833,30.435,12.42441,POINT (72.63833 30.435),1
72.033,30.322,10.332820081388888,POINT (72.033 30.322),1
73.999,31.727,44.995,POINT (73.999 31.727),0
71.626,29.962,23.5775,POINT (71.626 29.962),0
71.759,30.015,28.915,POINT (71.759 30.015),0
71.672,29.941,21.83,POINT (71.672 29.941),0
71.658,30.418,44.099999999999994,POINT (71.658 30.418),0
71.87,30.067,37.582499999999996,POINT (71.87 30.067),0
72.685,30.33528,7.116753428571428,POINT (72.685 30.33528),1
71.856,30.116,20.995,POINT (71.856 30.116),0
71.787,30.289,45.663333333333334,POINT (71.787 30.289),0
71.923,30.088,32.957499999999996,POINT (71.923 30.088),0
72.09,30.22,30.58,POINT (72.09 30.22),0
71.727,29.983,50.707499999999996,POINT (71.727 29.983),0
71.685,29.93,29.2875,POINT (71.685 29.93),0
71.837,30.076,22.4775,POINT (71.837 30.076),0
71.779,30.035,44.185,POINT (71.779 30.035),0
71.75,29.98,46.31,POINT (71.75 29.98),0
71.888,30.356,18.21,POINT (71.888 30.356),1
72.71944,30.0525,8.287512,POINT (72.71944 30.0525),1
71.8,30.063,23.3725,POINT (71.8 30.063),0
71.888,30.443,22.39,POINT (71.888 30.443),0
71.86,30.399,23.9975,POINT (71.86 30.399),0
71.892,30.189,13.5,POINT (71.892 30.189),1
71.726,30.014,20.7675,POINT (71.726 30.014),0
71.801,30.425,18.595999999999997,POINT (71.801 30.425),1
71.86,30.213,44.682500000000005,POINT (71.86 30.213),0
72.098,30.882,58.8075,POINT (72.098 30.882),0
71.70213,29.90826,10.37278068965517,POINT (71.70213 29.90826),1
71.92,30.319,38.1825,POINT (71.92 30.319),0
72.089,30.296,56.035,POINT (72.089 30.296),0
72.012,30.29,59.06,POINT (72.012 30.29),0
71.975,30.367,37.975,POINT (71.975 30.367),0
72.019,30.268,52.805,POINT (72.019 30.268),0
72.173,30.319,59.62,POINT (72.173 30.319),0
71.77389,29.80639,6.702967636363636,POINT (71.77389 29.80639),1
71.97083,29.57,12.347448,POINT (71.97083 29.57),1
71.802,32.236,5.3260000000000005,POINT (71.802 32.236),1
71.971,32.121,4.7675,POINT (71.971 32.121),1
72.081,32.24,6.2,POINT (72.081 32.24),1
72.136,32.26,6.1850000000000005,POINT (72.136 32.26),1
72.349,31.3,9.662,POINT (72.349 31.3),1
72.34,32.301,8.136,POINT (72.34 32.301),1
71.63556,30.15306,15.945104,POINT (71.63556 30.15306),1
72.289,31.569,6.215,POINT (72.289 31.569),1
72.276,31.636,2.276,POINT (72.276 31.636),1
72.28,31.567,3.978,POINT (72.28 31.567),1
71.879,32.332,6.403999999999999,POINT (71.879 32.332),1
72.352,31.299,4.28,POINT (72.352 31.299),1
72.27,32.338,5.41,POINT (72.27 32.338),1
72.113,32.325,6.804,POINT (72.113 32.325),1
72.003,32.197,2.3049999999999997,POINT (72.003 32.197),1
71.877,32.165,4.94,POINT (71.877 32.165),1
71.76722,29.90694,11.513439,POINT (71.76722 29.90694),1
72.259,32.294,4.744,POINT (72.259 32.294),1
72.234,32.079,21.8,POINT (72.234 32.079),0
72.108,32.197,22.625,POINT (72.108 32.197),0
72.30444,29.64222,8.634330857142858,POINT (72.30444 29.64222),1
73.973,31.965,17.186666666666664,POINT (73.973 31.965),1
71.92889,29.94861,8.9004648,POINT (71.92889 29.94861),1
71.666,32.044,21.685000000000002,POINT (71.666 32.044),0
72.00333,29.75472,8.296656,POINT (72.00333 29.75472),1
73.825,32.275,16.794,POINT (73.825 32.275),1
73.806,32.285,14.55,POINT (73.806 32.285),1
73.686,32.072,20.216,POINT (73.686 32.072),0
73.974,30.968,20.14,POINT (73.974 30.968),0
73.95,32.298,10.668000000000001,POINT (73.95 32.298),1
72.329,30.435,63.555,POINT (72.329 30.435),0
72.073,30.247,42.6125,POINT (72.073 30.247),0
72.18,30.89,44.6725,POINT (72.18 30.89),0
72.352,30.461,60.925,POINT (72.352 30.461),0
72.097,30.446,73.49000000000001,POINT (72.097 30.446),0
72.354,30.496,58.2375,POINT (72.354 30.496),0
71.812,29.599,55.292500000000004,POINT (71.812 29.599),0
71.824,29.795,58.8075,POINT (71.824 29.795),0
71.822,29.857,56.36,POINT (71.822 29.857),0
71.629,29.8,52.260000000000005,POINT (71.629 29.8),0
71.915,29.625,61.8375,POINT (71.915 29.625),0
71.919,29.684,49.7325,POINT (71.919 29.684),0
72.313,30.296,59.3775,POINT (72.313 30.296),0
72.258,30.261,58.2325,POINT (72.258 30.261),0
72.357,30.431,60.9375,POINT (72.357 30.431),0
72.327,30.364,60.707499999999996,POINT (72.327 30.364),0
71.613,29.204,8.946000000000002,POINT (71.613 29.204),1
71.767,29.917,13.580000000000002,POINT (71.767 29.917),1
71.58611,29.95472,16.696944000000002,POINT (71.58611 29.95472),1
71.68389,29.84361,15.706344,POINT (71.68389 29.84361),1
71.76806,29.60056,16.9045128,POINT (71.76806 29.60056),1
71.53694,30.16583,14.478,POINT (71.53694 30.16583),1
72.9,32.35,18.251428571428573,POINT (72.9 32.35),1
73.3,32.49,14.842857142857143,POINT (73.3 32.49),1
73.894,32.495,6.341428571428572,POINT (73.894 32.495),1
72.765,31.11,9.308571428571428,POINT (72.765 31.11),1
72.17833,30.25083,4.67868,POINT (72.17833 30.25083),1
72.37972,29.98472,7.802118,POINT (72.37972 29.98472),1
72.06,32.07,12.773333333333333,POINT (72.06 32.07),1
72.20389,29.89361,12.73556,POINT (72.20389 29.89361),1
71.643,30.303,43.08,POINT (71.643 30.303),0
71.646,29.536,44.37,POINT (71.646 29.536),0
71.663,30.222,23.8525,POINT (71.663 30.222),0
71.503,30.188,34.75,POINT (71.503 30.188),0
73.065,30.293,35.61,POINT (73.065 30.293),0
71.53222,29.61972,15.8496,POINT (71.53222 29.61972),1
71.5775,29.55889,14.997684,POINT (71.5775 29.55889),1
71.62139,29.46972,14.455902,POINT (71.62139 29.46972),1
73.85667,31.07972,4.6472475,POINT (73.85667 31.07972),1
73.89972,30.94917,1.279017,POINT (73.89972 30.94917),1
71.67139,29.60444,11.4808,POINT (71.67139 29.60444),1
71.70083,29.55472,7.784591999999999,POINT (71.70083 29.55472),1
71.51361,29.76667,7.443651428571428,POINT (71.51361 29.76667),1
71.54222,29.80111,17.3736,POINT (71.54222 29.80111),1
73.86028,31.34,2.37744,POINT (73.86028 31.34),1
73.91361,31.07917,4.598785454545455,POINT (73.91361 31.07917),1
73.92278,31.23194,4.611841714285714,POINT (73.92278 31.23194),1
73.75583,30.82306,2.40792,POINT (73.75583 30.82306),1
73.82833,30.76056,6.447905454545454,POINT (73.82833 30.76056),1
73.86944,30.71056,2.667,POINT (73.86944 30.71056),1
73.87222,30.66806,4.061242285714286,POINT (73.87222 30.66806),1
73.8775,30.64083,3.357372,POINT (73.8775 30.64083),1
73.90889,30.5675,4.1148,POINT (73.90889 30.5675),1
73.945,30.56361,4.152355714285714,POINT (73.945 30.56361),1
73.97528,30.92111,2.666782285714286,POINT (73.97528 30.92111),1
73.9775,30.76056,4.663948,POINT (73.9775 30.76056),1
73.98889,30.72806,6.257326285714286,POINT (73.98889 30.72806),1
73.63417,30.38028,6.9622035,POINT (73.63417 30.38028),1
73.46111,30.58611,8.901466285714287,POINT (73.46111 30.58611),1
73.51972,30.46083,5.47243,POINT (73.51972 30.46083),1
73.38778,30.43417,9.8680524,POINT (73.38778 30.43417),1
73.36917,30.30778,8.54158457142857,POINT (73.36917 30.30778),1
73.26806,30.36167,9.583216799999999,POINT (73.26806 30.36167),1
73.2425,30.26778,9.560052,POINT (73.2425 30.26778),1
71.62472,29.73,15.497048,POINT (71.62472 29.73),1
71.74083,29.70222,12.920471999999998,POINT (71.74083 29.70222),1
71.85806,29.54222,15.960344000000001,POINT (71.85806 29.54222),1
71.96917,29.71028,13.158216,POINT (71.96917 29.71028),1
71.91833,29.77361,12.2404632,POINT (71.91833 29.77361),1
71.80111,29.93694,12.1825512,POINT (71.80111 29.93694),1
71.78361,30.10194,13.388848000000001,POINT (71.78361 30.10194),1
71.92306,30.24472,15.368016,POINT (71.92306 30.24472),1
72.24333,30.41583,13.3002528,POINT (72.24333 30.41583),1
72.16778,30.17167,14.578584,POINT (72.16778 30.17167),1
72.25278,30.17111,8.6733888,POINT (72.25278 30.17111),1
73.97639,31.27,6.3026544,POINT (73.97639 31.27),1
72.756,29.712,5.8183333333333325,POINT (72.756 29.712),1
73.161,29.596,8.08,POINT (73.161 29.596),1
72.985,29.682,5.553333333333334,POINT (72.985 29.682),1
72.878,29.815,7.4750000000000005,POINT (72.878 29.815),1
72.75917,30.44917,7.5797664,POINT (72.75917 30.44917),1
73.215,30.029,9.385,POINT (73.215 30.029),1
72.721,29.734,8.386666666666667,POINT (72.721 29.734),1
72.9,29.78,8.745555555,POINT (72.9 29.78),1
72.983,29.923,7.47,POINT (72.983 29.923),1
72.824,29.554,7.708333333333333,POINT (72.824 29.554),1
72.88,29.611,5.195,POINT (72.88 29.611),1
73.261,30.008,10.421666666666667,POINT (73.261 30.008),1
72.965,29.865,9.641666666666667,POINT (72.965 29.865),1
73.066,29.921,16.212,POINT (73.066 29.921),1
72.32,30.93,5.966938113207547,POINT (72.32 30.93),1
72.31333,30.59778,5.3130049999999995,POINT (72.31333 30.59778),1
72.34472,31.09639,4.812452266666667,POINT (72.34472 31.09639),1
72.32417,31.15167,5.8213752,POINT (72.32417 31.15167),1
72.33917,31.35,6.7968367999999995,POINT (72.33917 31.35),1
72.33917,31.35722,7.370064,POINT (72.33917 31.35722),1
72.33083,31.24417,9.111949714285714,POINT (72.33083 31.24417),1
72.30333,31.34139,4.290656470588235,POINT (72.30333 31.34139),1
72.33306,31.39056,2.0073257142857144,POINT (72.33306 31.39056),1
72.33778,30.635,3.9872652631578944,POINT (72.33778 30.635),1
72.33917,30.66222,6.546257333333333,POINT (72.33917 30.66222),1
72.35056,30.70083,4.598222666666667,POINT (72.35056 30.70083),1
72.3275,30.77417,8.589424421052632,POINT (72.3275 30.77417),1
72.33139,30.83556,5.2695348,POINT (72.33139 30.83556),1
72.33389,30.88667,6.150382736842105,POINT (72.33389 30.88667),1
72.33639,30.92389,3.782568,POINT (72.33639 30.92389),1
72.33556,30.99111,4.100463058823529,POINT (72.33556 30.99111),1
71.88361,30.65611,4.00343076923077,POINT (71.88361 30.65611),1
72.38111,30.63556,4.4064555,POINT (72.38111 30.63556),1
72.38306,31.08639,4.03352,POINT (72.38306 31.08639),1
72.38306,31.28444,5.560110545454545,POINT (72.38306 31.28444),1
72.38556,31.36306,6.205897333333334,POINT (72.38556 31.36306),1
72.3925,31.23806,9.379287111111111,POINT (72.3925 31.23806),1
72.39417,31.28611,10.951945263157896,POINT (72.39417 31.28611),1
72.38722,30.67278,7.014243130434783,POINT (72.38722 30.67278),1
72.36917,30.7425,5.357631619047619,POINT (72.36917 30.7425),1
72.36917,30.78972,9.327330615384614,POINT (72.36917 30.78972),1
72.38833,30.82167,8.2169,POINT (72.38833 30.82167),1
72.39083,30.89417,5.6800496,POINT (72.39083 30.89417),1
72.38472,30.92639,5.730708923076923,POINT (72.38472 30.92639),1
72.4,30.97278,2.810256,POINT (72.4 30.97278),1
72.38556,31.14389,3.3114826666666666,POINT (72.38556 31.14389),1
71.87278,30.67167,4.3520139130434785,POINT (71.87278 30.67167),1
72.42278,30.62194,4.824603,POINT (72.42278 30.62194),1
72.43417,31.22944,4.0776525,POINT (72.43417 31.22944),1
72.43056,31.1725,2.71765824,POINT (72.43056 31.1725),1
72.40528,31.12028,4.0677084,POINT (72.40528 31.12028),1
72.44306,31.19361,6.789637647058823,POINT (72.44306 31.19361),1
72.43861,31.23361,6.139107428571428,POINT (72.43861 31.23361),1
72.45083,31.29417,5.739722666666667,POINT (72.45083 31.29417),1
72.44611,31.33889,10.013333142857144,POINT (72.44611 31.33889),1
72.42528,30.63556,4.770797333333333,POINT (72.42528 30.63556),1
72.42333,30.66194,6.2458209230769235,POINT (72.42333 30.66194),1
72.4175,30.74083,6.327440181818182,POINT (72.4175 30.74083),1
72.43722,30.77417,9.290143157894738,POINT (72.43722 30.77417),1
72.43778,30.82389,9.613616799999999,POINT (72.43778 30.82389),1
72.44056,30.885,7.789265599999999,POINT (72.44056 30.885),1
72.42056,30.91722,5.536602352941177,POINT (72.42056 30.91722),1
72.44417,30.96944,3.677014434782609,POINT (72.44417 30.96944),1
71.89278,30.72139,3.0813804800000004,POINT (71.89278 30.72139),1
72.4925,30.69167,8.14088142857143,POINT (72.4925 30.69167),1
72.49556,31.36778,2.8464885714285715,POINT (72.49556 31.36778),1
72.48417,31.18333,3.375740210526316,POINT (72.48417 31.18333),1
72.48889,31.23139,4.1113040000000005,POINT (72.48889 31.23139),1
72.4925,31.33389,5.9573160000000005,POINT (72.4925 31.33389),1
72.50333,31.43333,7.1395243636363634,POINT (72.50333 31.43333),1
72.47556,30.735,7.018440000000001,POINT (72.47556 30.735),1
72.4875,30.81917,9.641312363636363,POINT (72.4875 30.81917),1
72.48278,30.87361,7.29996,POINT (72.48278 30.87361),1
72.48583,30.93278,7.120974666666667,POINT (72.48583 30.93278),1
72.50694,30.97667,5.984778105263158,POINT (72.50694 30.97667),1
72.47806,31.02194,4.772998666666667,POINT (72.47806 31.02194),1
72.47444,31.23194,4.0060245,POINT (72.47444 31.23194),1
71.92028,30.76278,2.9242512,POINT (71.92028 30.76278),1
72.50889,30.62972,5.775501090909091,POINT (72.50889 30.62972),1
72.52806,31.25778,4.077686117647058,POINT (72.52806 31.25778),1
72.52083,31.14139,1.14046,POINT (72.52083 31.14139),1
72.52889,31.20472,3.234508571428571,POINT (72.52889 31.20472),1
72.52806,31.23722,2.941247636363636,POINT (72.52806 31.23722),1
72.53361,31.27528,4.07416,POINT (72.53361 31.27528),1
72.99583,30.485,7.700264,POINT (72.99583 30.485),1
72.53917,31.32111,5.0306223999999995,POINT (72.53917 31.32111),1
72.54861,31.37889,4.689565714285714,POINT (72.54861 31.37889),1
72.5375,31.43361,5.601716,POINT (72.5375 31.43361),1
72.51861,31.48833,7.2027626666666675,POINT (72.51861 31.48833),1
72.50639,30.67139,11.805032,POINT (72.50639 30.67139),1
72.55111,30.71806,8.302072521739131,POINT (72.55111 30.71806),1
72.51528,30.81722,9.564878,POINT (72.51528 30.81722),1
72.54389,30.87361,8.465819999999999,POINT (72.54389 30.87361),1
72.53278,30.9375,7.865262400000001,POINT (72.53278 30.9375),1
72.52333,31.0,4.3189144347826085,POINT (72.52333 31),1
72.92553,30.30909,14.142296975609755,POINT (72.92553 30.30909),1
72.52972,31.20833,4.285969263157894,POINT (72.52972 31.20833),1
72.60167,30.64444,7.3811648000000005,POINT (72.60167 30.64444),1
72.59306,31.1825,4.7134272,POINT (72.59306 31.1825),1
72.58444,31.34306,3.679096421052632,POINT (72.58444 31.34306),1
72.58667,31.17333,4.271941333333333,POINT (72.58667 31.17333),1
72.58528,31.235,5.3921152,POINT (72.58528 31.235),1
72.58111,31.2675,1.908302,POINT (72.58111 31.2675),1
72.58444,31.33111,3.9586486153846154,POINT (72.58444 31.33111),1
72.59694,31.385,5.017443428571428,POINT (72.59694 31.385),1
72.59944,31.44,8.2210275,POINT (72.59944 31.44),1
73.29278,30.40583,9.897237,POINT (73.29278 30.40583),1
72.605,31.49167,5.270373,POINT (72.605 31.49167),1
72.60889,30.72444,7.6739496,POINT (72.60889 30.72444),1
72.57167,30.81806,11.720331333333332,POINT (72.57167 30.81806),1
72.56861,30.88472,7.0443344,POINT (72.56861 30.88472),1
72.58583,30.93694,6.575338105263158,POINT (72.58583 30.93694),1
72.59,30.97111,3.993134,POINT (72.59 30.97111),1
72.58667,31.25194,6.286297481481482,POINT (72.58667 31.25194),1
72.60167,30.63444,5.078814666666666,POINT (72.60167 30.63444),1
72.66611,31.25778,3.1507043478260868,POINT (72.66611 31.25778),1
72.63833,31.23583,4.1903904,POINT (72.63833 31.23583),1
73.909,30.977,7.7330564,POINT (73.909 30.977),1
72.635,31.18389,4.418946857142857,POINT (72.635 31.18389),1
72.63833,31.22611,4.57454,POINT (72.63833 31.22611),1
72.61778,31.28778,1.9237234285714284,POINT (72.61778 31.28778),1
72.63667,31.31,5.122253647058823,POINT (72.63667 31.31),1
72.64861,31.37333,3.7042344,POINT (72.64861 31.37333),1
72.65583,31.43639,4.7237904,POINT (72.65583 31.43639),1
72.63667,31.51417,8.828894857142856,POINT (72.63667 31.51417),1
72.63417,30.67722,8.099721333333333,POINT (72.63417 30.67722),1
72.63833,30.73528,11.194957500000001,POINT (72.63833 30.73528),1
72.6375,30.78917,16.17138171428571,POINT (72.6375 30.78917),1
72.61917,30.8225,11.968941818181817,POINT (72.61917 30.8225),1
72.63667,30.88417,10.5286188,POINT (72.63667 30.88417),1
72.63417,30.93806,7.634732,POINT (72.63417 30.93806),1
72.63833,30.97139,5.1381258947368424,POINT (72.63833 30.97139),1
72.62806,31.03444,3.7194139130434785,POINT (72.62806 31.03444),1
72.68028,30.64417,6.2522792727272725,POINT (72.68028 30.64417),1
72.68972,31.21417,2.760781142857143,POINT (72.68972 31.21417),1
72.69306,31.19222,2.093366,POINT (72.69306 31.19222),1
72.68833,31.23083,4.192385454545454,POINT (72.68833 31.23083),1
72.69389,31.28861,8.83215072,POINT (72.69389 31.28861),1
72.67722,31.31167,3.793362181818182,POINT (72.67722 31.31167),1
72.69611,31.36083,2.0435943529411764,POINT (72.69611 31.36083),1
72.70722,31.42694,4.047978461538461,POINT (72.70722 31.42694),1
72.67722,31.47056,6.703193684210526,POINT (72.67722 31.47056),1
72.68889,31.54278,5.6674043076923075,POINT (72.68889 31.54278),1
72.68889,31.59833,7.1668639999999995,POINT (72.68889 31.59833),1
72.68417,31.62528,5.84139675,POINT (72.68417 31.62528),1
72.69056,30.78917,13.9726416,POINT (72.69056 30.78917),1
72.68333,30.835,15.551404,POINT (72.68333 30.835),1
72.67639,30.88694,8.834628,POINT (72.67639 30.88694),1
73.86056,30.43417,6.137148000000001,POINT (73.86056 30.43417),1
72.67,30.92833,6.650915294117647,POINT (72.67 30.92833),1
72.67306,30.99083,5.216482666666667,POINT (72.67306 30.99083),1
72.67778,31.08556,2.8726597894736843,POINT (72.67778 31.08556),1
72.72639,30.62139,5.587687384615385,POINT (72.72639 30.62139),1
72.735,31.1825,2.9597465454545455,POINT (72.735 31.1825),1
72.73111,31.22806,4.238320727272727,POINT (72.73111 31.22806),1
72.73333,31.18861,3.6387023999999997,POINT (72.73333 31.18861),1
72.74917,31.25306,4.22410128,POINT (72.74917 31.25306),1
72.72944,31.32417,6.281096727272726,POINT (72.72944 31.32417),1
72.74528,31.36556,5.186172,POINT (72.74528 31.36556),1
73.39139,31.04889,6.224016,POINT (73.39139 31.04889),1
72.73583,31.43778,3.5913461052631575,POINT (72.73583 31.43778),1
72.74056,31.47583,3.442438909090909,POINT (72.74056 31.47583),1
72.72389,31.54,3.0408880000000003,POINT (72.72389 31.54),1
72.72222,30.67694,5.340096,POINT (72.72222 30.67694),1
72.73028,31.58917,9.901031294117647,POINT (72.73028 31.58917),1
72.7325,31.64306,5.1633119999999995,POINT (72.7325 31.64306),1
72.72222,30.71972,7.033192266666666,POINT (72.72222 30.71972),1
72.72556,30.77528,12.5970564,POINT (72.72556 30.77528),1
72.72861,30.83861,10.472928,POINT (72.72861 30.83861),1
72.72778,30.88778,12.364892,POINT (72.72778 30.88778),1
73.4468,30.90455,5.538333538461539,POINT (73.4468 30.90455),1
72.72556,30.92278,4.9942816,POINT (72.72556 30.92278),1
72.72222,31.03778,3.2046203076923074,POINT (72.72222 31.03778),1
72.76667,30.71944,5.186888888888889,POINT (72.76667 30.71944),1
72.7825,31.18444,2.7868345263157894,POINT (72.7825 31.18444),1
72.78583,31.22639,3.3719435555555552,POINT (72.78583 31.22639),1
72.78972,31.28667,3.719843368421053,POINT (72.78972 31.28667),1
72.76917,31.3275,4.622409230769231,POINT (72.76917 31.3275),1
72.79611,31.37278,7.5055320000000005,POINT (72.79611 31.37278),1
72.78583,31.43778,5.4434232,POINT (72.78583 31.43778),1
72.79833,31.4725,2.210158588235294,POINT (72.79833 31.4725),1
73.67194,30.65833,9.012936,POINT (73.67194 30.65833),1
72.78583,31.54306,4.7144247272727275,POINT (72.78583 31.54306),1
72.78167,31.59611,6.195930857142857,POINT (72.78167 31.59611),1
72.77056,31.63833,5.183124,POINT (72.77056 31.63833),1
72.79528,30.75194,5.088636,POINT (72.79528 30.75194),1
72.78167,30.82889,12.409862727272726,POINT (72.78167 30.82889),1
72.78417,30.88833,8.425978285714285,POINT (72.78417 30.88833),1
72.77306,30.93667,5.395663384615385,POINT (72.77306 30.93667),1
72.77389,30.98167,5.5402575999999994,POINT (72.77389 30.98167),1
72.77472,31.22028,3.805825565217391,POINT (72.77472 31.22028),1
72.78806,31.1825,3.079588363636364,POINT (72.78806 31.1825),1
73.69417,30.52778,9.168384,POINT (73.69417 30.52778),1
72.78722,31.35083,3.76147584,POINT (72.78722 31.35083),1
72.83639,31.17833,3.845965523809524,POINT (72.83639 31.17833),1
72.835,31.23722,2.073148,POINT (72.835 31.23722),1
72.82694,31.29417,2.7838908,POINT (72.82694 31.29417),1
72.84361,31.35278,2.754085714285714,POINT (72.84361 31.35278),1
72.85083,31.39417,3.7290142222222227,POINT (72.85083 31.39417),1
72.83889,31.48833,6.617925176470588,POINT (72.83889 31.48833),1
72.82056,31.54222,4.83997,POINT (72.82056 31.54222),1
72.83333,31.58444,6.292016444444444,POINT (72.83333 31.58444),1
72.84111,30.78639,12.823397333333332,POINT (72.84111 30.78639),1
73.70528,30.48972,6.409774666666667,POINT (73.70528 30.48972),1
72.83083,30.82444,10.090912,POINT (72.83083 30.82444),1
72.83722,30.87667,9.14674852173913,POINT (72.83722 30.87667),1
72.82222,30.93306,6.145022,POINT (72.82222 30.93306),1
72.82306,30.98944,4.646324307692308,POINT (72.82306 30.98944),1
72.82389,31.15694,3.7680568695652172,POINT (72.82389 31.15694),1
72.84194,31.27361,3.4749112307692305,POINT (72.84194 31.27361),1
72.83889,31.13278,2.986102153846154,POINT (72.83889 31.13278),1
71.94083,30.66444,5.204379789473684,POINT (71.94083 30.66444),1
72.87611,30.73917,5.571744,POINT (72.87611 30.73917),1
72.89028,31.17278,3.100297263157895,POINT (72.89028 31.17278),1
73.265,30.63444,10.325862,POINT (73.265 30.63444),1
72.90306,31.24111,2.7459432,POINT (72.90306 31.24111),1
72.86667,31.27833,3.504139826086956,POINT (72.86667 31.27833),1
72.86972,31.32944,3.626182153846154,POINT (72.86972 31.32944),1
72.87778,31.39139,4.0245792,POINT (72.87778 31.39139),1
72.86889,31.44667,5.218176,POINT (72.86889 31.44667),1
72.87861,31.47444,5.673005333333333,POINT (72.87861 31.47444),1
72.87306,31.53639,8.459893333333333,POINT (72.87306 31.53639),1
72.87861,31.60778,4.37007,POINT (72.87861 31.60778),1
72.90694,31.65056,5.275326,POINT (72.90694 31.65056),1
72.88333,30.79306,9.116568,POINT (72.88333 30.79306),1
73.28556,30.43472,10.480717333333335,POINT (73.28556 30.43472),1
72.87056,31.67111,4.200421090909091,POINT (72.87056 31.67111),1
72.87917,30.82889,11.328109714285715,POINT (72.87917 30.82889),1
72.88333,30.87639,11.0212632,POINT (72.88333 30.87639),1
72.86889,30.92278,5.9414664,POINT (72.86889 30.92278),1
72.86972,30.98222,4.635484,POINT (72.86972 30.98222),1
72.87528,31.22417,3.478646,POINT (72.87528 31.22417),1
72.87861,31.17056,2.6381803076923074,POINT (72.87861 31.17056),1
72.88083,31.19639,2.959535428571429,POINT (72.88083 31.19639),1
71.92611,30.735,1.9287308571428572,POINT (71.92611 30.735),1
72.93472,31.24,4.014536842105263,POINT (72.93472 31.24),1
72.19583,30.48611,8.7547704,POINT (72.19583 30.48611),1
72.91806,31.29389,4.06668384,POINT (72.91806 31.29389),1
72.92444,31.34139,3.30521232,POINT (72.92444 31.34139),1
72.92056,31.38889,4.7669334545454545,POINT (72.92056 31.38889),1
72.93,31.43722,6.414685333333334,POINT (72.93 31.43722),1
72.92444,31.49361,6.287685333333333,POINT (72.92444 31.49361),1
72.94278,31.53944,6.590180833333334,POINT (72.94278 31.53944),1
72.93083,31.58556,3.635248,POINT (72.93083 31.58556),1
72.93389,31.63694,3.930777,POINT (72.93389 31.63694),1
72.94194,31.67667,6.0065412,POINT (72.94194 31.67667),1
72.94028,31.24,3.2313880000000004,POINT (72.94028 31.24),1
72.20583,30.4675,6.1749431999999995,POINT (72.20583 30.4675),1
72.93083,31.17722,2.3122509090909094,POINT (72.93083 31.17722),1
71.935,30.76028,2.7287484615384616,POINT (71.935 30.76028),1
72.97444,30.7825,7.522463999999999,POINT (72.97444 30.7825),1
72.99194,31.23639,2.360071238095238,POINT (72.99194 31.23639),1
72.99972,31.27833,5.327388833333333,POINT (72.99972 31.27833),1
72.96583,31.33528,1.9481074285714288,POINT (72.96583 31.33528),1
72.97444,31.375,5.0000827999999995,POINT (72.97444 31.375),1
72.965,31.41861,2.843784,POINT (72.965 31.41861),1
72.97111,31.45917,6.637890857142858,POINT (72.97111 31.45917),1
72.98556,31.53528,5.794705391304348,POINT (72.98556 31.53528),1
72.38521,30.4203,12.488043114666668,POINT (72.38521 30.4203),1
72.97111,31.59,5.4876192,POINT (72.97111 31.59),1
72.96722,31.65417,4.40436,POINT (72.96722 31.65417),1
72.97694,31.69611,5.103876,POINT (72.97694 31.69611),1
72.97694,30.82667,9.39927,POINT (72.97694 30.82667),1
72.9775,30.88389,8.3310984,POINT (72.9775 30.88389),1
72.9775,30.93389,8.367297882352942,POINT (72.9775 30.93389),1
72.97528,30.9925,5.949375157894737,POINT (72.97528 30.9925),1
72.97917,31.24417,3.9675683478260875,POINT (72.97917 31.24417),1
72.96722,31.17056,2.58699,POINT (72.96722 31.17056),1
72.98861,31.33111,2.9486352,POINT (72.98861 31.33111),1
72.38462,30.34178,12.646986201999999,POINT (72.38462 30.34178),1
72.98944,31.18083,1.9607604705882355,POINT (72.98944 31.18083),1
72.97778,31.20583,2.8503119999999997,POINT (72.97778 31.20583),1
73.11139,31.29444,4.008342518518519,POINT (73.11139 31.29444),1
73.2775,31.32306,4.913237454545454,POINT (73.2775 31.32306),1
73.21333,31.41028,2.9524452,POINT (73.21333 31.41028),1
73.07833,31.43556,4.252237090909091,POINT (73.07833 31.43556),1
73.04,31.4675,4.6350936,POINT (73.04 31.4675),1
73.26889,31.52528,6.047837636363636,POINT (73.26889 31.52528),1
73.22194,31.57194,4.231995599999999,POINT (73.22194 31.57194),1
73.16639,31.62444,5.477425333333333,POINT (73.16639 31.62444),1
72.27889,30.23167,6.0929519999999995,POINT (72.27889 30.23167),1
73.11861,31.67444,2.967282181818182,POINT (73.11861 31.67444),1
73.25361,31.74083,7.623441636363636,POINT (73.25361 31.74083),1
73.25306,31.77667,5.098213866666667,POINT (73.25306 31.77667),1
73.08639,31.2975,3.8962965,POINT (73.08639 31.2975),1
73.24556,31.25972,1.6183275789473683,POINT (73.24556 31.25972),1
73.24556,31.18639,1.8633863333333334,POINT (73.24556 31.18639),1
73.10278,31.24333,2.92217856,POINT (73.10278 31.24333),1
73.15222,30.85222,5.977831384615385,POINT (73.15222 30.85222),1
73.3025,31.28111,2.566851428571429,POINT (73.3025 31.28111),1
73.31111,31.33667,3.8488619999999996,POINT (73.31111 31.33667),1
72.45528,29.87722,6.147308,POINT (72.45528 29.87722),1
73.30972,31.37389,4.749902795294117,POINT (73.30972 31.37389),1
73.17556,31.44556,4.937222117647059,POINT (73.17556 31.44556),1
73.11333,31.49,6.388885090909091,POINT (73.11333 31.49),1
73.32611,31.52167,3.228848,POINT (73.32611 31.52167),1
73.12,31.56444,3.926934956521739,POINT (73.12 31.56444),1
73.30306,31.65056,3.058668,POINT (73.30306 31.65056),1
73.13639,31.75056,4.716478947368421,POINT (73.13639 31.75056),1
73.10472,30.89417,8.279674285714286,POINT (73.10472 30.89417),1
73.29444,31.77028,4.217839333333334,POINT (73.29444 31.77028),1
73.13639,30.93944,7.033767999999999,POINT (73.13639 30.93944),1
71.94111,30.27083,7.6095497142857145,POINT (71.94111 30.27083),1
73.28667,30.98389,7.557964235294117,POINT (73.28667 30.98389),1
73.12056,31.14944,7.609767428571429,POINT (73.12056 31.14944),1
73.26333,31.15083,5.369250782608695,POINT (73.26333 31.15083),1
73.11278,31.35028,2.348887111111111,POINT (73.11278 31.35028),1
73.27139,31.28861,1.8476180869565217,POINT (73.27139 31.28861),1
73.0975,31.235,1.6533377777777778,POINT (73.0975 31.235),1
73.11028,31.25972,3.4198560000000002,POINT (73.11028 31.25972),1
73.20972,30.90722,8.094591529411765,POINT (73.20972 30.90722),1
73.19444,31.33056,3.6298909090909093,POINT (73.19444 31.33056),1
73.36778,31.37194,5.1652884,POINT (73.36778 31.37194),1
71.94694,30.09889,8.38708,POINT (71.94694 30.09889),1
73.28056,31.43556,6.003253714285714,POINT (73.28056 31.43556),1
73.40861,31.45778,6.617605052631578,POINT (73.40861 31.45778),1
73.25,31.53389,3.9727632,POINT (73.25 31.53389),1
73.34472,31.59222,1.4803654736842107,POINT (73.34472 31.59222),1
73.33611,31.6175,3.3983227826086955,POINT (73.33611 31.6175),1
73.3525,31.68333,3.286550823529412,POINT (73.3525 31.68333),1
73.29694,31.72861,5.292932210526315,POINT (73.29694 31.72861),1
73.35917,30.93972,7.1496555,POINT (73.35917 30.93972),1
73.13056,30.99361,8.131422315789473,POINT (73.13056 30.99361),1
73.27333,31.10528,10.366248,POINT (73.27333 31.10528),1
71.96809,29.96789,15.47018147368421,POINT (71.96809 29.96789),1
73.13056,31.17056,5.316266181818182,POINT (73.13056 31.17056),1
73.36917,31.25972,2.586590857142857,POINT (73.36917 31.25972),1
73.16278,31.41972,1.4218968,POINT (73.16278 31.41972),1
73.23417,31.22056,2.0700576666666666,POINT (73.23417 31.22056),1
73.16944,31.29333,2.968606857142857,POINT (73.16944 31.29333),1
73.18528,30.93194,7.457609333333333,POINT (73.18528 30.93194),1
73.20444,31.40028,4.014978,POINT (73.20444 31.40028),1
73.2825,31.4075,6.5932812,POINT (73.2825 31.4075),1
73.19889,31.46861,4.377202,POINT (73.19889 31.46861),1
73.17333,31.51861,3.242201142857143,POINT (73.17333 31.51861),1
72.09694,29.90222,7.216817333333334,POINT (72.09694 29.90222),1
73.20917,31.57333,1.31064,POINT (73.20917 31.57333),1
73.40944,31.63972,2.765017263157895,POINT (73.40944 31.63972),1
73.18917,31.68778,2.2573488000000004,POINT (73.18917 31.68778),1
73.18139,31.70694,3.340608,POINT (73.18139 31.70694),1
73.16694,31.79417,5.218428,POINT (73.16694 31.79417),1
73.18528,31.81056,1.8680685714285714,POINT (73.18528 31.81056),1
73.18611,30.98167,6.331771764705882,POINT (73.18611 30.98167),1
73.21,31.91444,5.465826,POINT (73.21 31.91444),1
73.17667,31.06611,7.171097333333332,POINT (73.17667 31.06611),1
73.16861,31.30556,5.032030285714286,POINT (73.16861 31.30556),1
72.35139,29.82028,13.0512312,POINT (72.35139 29.82028),1
73.175,31.22,3.046277217391304,POINT (73.175 31.22),1
73.17333,31.20306,2.7451081599999996,POINT (73.17333 31.20306),1
73.18528,31.28222,1.8022146666666667,POINT (73.18528 31.28222),1
73.3775,31.31944,2.556290909090909,POINT (73.3775 31.31944),1
73.23056,30.97056,6.280126909090909,POINT (73.23056 30.97056),1
73.24944,31.44056,2.6153232307692305,POINT (73.24944 31.44056),1
73.24472,31.4825,2.1477732,POINT (73.24472 31.4825),1
73.21222,31.55472,1.9719469090909092,POINT (73.21222 31.55472),1
73.24556,31.59,3.041052923076923,POINT (73.24556 31.59),1
73.23917,31.63917,3.47686176,POINT (73.23917 31.63917),1
72.17417,29.74583,11.698006285714285,POINT (72.17417 29.74583),1
73.22778,31.62361,3.1691986666666665,POINT (73.22778 31.62361),1
73.20556,31.64583,4.793633142857144,POINT (73.20556 31.64583),1
73.23278,31.74278,1.998732,POINT (73.23278 31.74278),1
73.24083,31.77611,3.872904380952381,POINT (73.24083 31.77611),1
73.2225,31.84667,2.056384,POINT (73.2225 31.84667),1
73.21778,31.88472,2.9793407359999997,POINT (73.21778 31.88472),1
73.22667,31.09806,7.069158666666667,POINT (73.22667 31.09806),1
73.22583,31.945,4.10158,POINT (73.22583 31.945),1
73.21778,31.25,6.9435472,POINT (73.21778 31.25),1
73.2425,31.19639,3.9436363809523804,POINT (73.2425 31.19639),1
72.20667,29.72417,6.566408,POINT (72.20667 29.72417),1
73.23278,31.22139,2.479378666666667,POINT (73.23278 31.22139),1
73.24,31.22667,2.165604,POINT (73.24 31.22667),1
73.23278,31.27667,2.1779132307692306,POINT (73.23278 31.27667),1
73.25028,31.34611,1.4009716363636364,POINT (73.25028 31.34611),1
73.24083,31.38167,2.2814866153846154,POINT (73.24083 31.38167),1
73.23417,31.36056,3.124454,POINT (73.23417 31.36056),1
73.28528,31.23611,4.360025454545454,POINT (73.28528 31.23611),1
73.27972,31.50944,1.5300960000000001,POINT (73.27972 31.50944),1
73.2725,31.54028,1.7825084999999998,POINT (73.2725 31.54028),1
73.28833,31.58278,2.6688343333333333,POINT (73.28833 31.58278),1
73.53722,31.09667,5.400917454545454,POINT (73.53722 31.09667),1
73.29,31.64139,3.227832,POINT (73.29 31.64139),1
73.28528,31.7,3.29184,POINT (73.28528 31.7),1
73.28056,31.73722,2.162773714285714,POINT (73.28056 31.73722),1
73.29389,31.85222,8.631936,POINT (73.29389 31.85222),1
73.29861,31.87778,2.8956,POINT (73.29861 31.87778),1
73.30333,31.95222,3.945637142857143,POINT (73.30333 31.95222),1
73.2725,31.15944,5.5792624,POINT (73.2725 31.15944),1
73.255,31.97528,4.248751578947369,POINT (73.255 31.97528),1
73.2725,32.07889,3.516837818181818,POINT (73.2725 32.07889),1
73.59111,31.21389,4.840639636363637,POINT (73.59111 31.21389),1
73.28056,31.31917,5.3488045714285715,POINT (73.28056 31.31917),1
73.27583,31.18833,3.0987999999999998,POINT (73.27583 31.18833),1
73.26861,31.21917,2.073124909090909,POINT (73.26861 31.21917),1
73.27778,31.23917,3.533944,POINT (73.27778 31.23917),1
73.28056,31.28194,2.429330461538462,POINT (73.28056 31.28194),1
73.27639,31.3025,2.00210928,POINT (73.27639 31.3025),1
73.29,31.38583,2.7624024,POINT (73.29 31.38583),1
73.29083,31.4325,4.051445142857143,POINT (73.29083 31.4325),1
73.33528,31.26778,7.293222315789474,POINT (73.33528 31.26778),1
73.32806,31.4725,4.905248,POINT (73.32806 31.4725),1
73.87028,30.8025,2.9516832,POINT (73.87028 30.8025),1
73.35833,31.56889,5.137696,POINT (73.35833 31.56889),1
73.34417,31.61556,3.969216,POINT (73.34417 31.61556),1
73.32806,31.67833,2.10538575,POINT (73.32806 31.67833),1
73.31694,31.74333,2.88,POINT (73.31694 31.74333),1
73.33444,31.81083,3.077988571428571,POINT (73.33444 31.81083),1
73.32194,31.80917,2.6289,POINT (73.32194 31.80917),1
73.34417,31.88361,3.4783057142857143,POINT (73.34417 31.88361),1
73.34167,31.91694,6.08076,POINT (73.34167 31.91694),1
73.32333,31.11167,6.4459485,POINT (73.32333 31.11167),1
73.33611,32.01083,6.007608,POINT (73.33611 32.01083),1
73.97806,30.72194,6.990588,POINT (73.97806 30.72194),1
73.32111,32.11389,4.2066464,POINT (73.32111 32.11389),1
73.33306,31.30333,6.318504,POINT (73.33306 31.30333),1
73.33917,31.19222,4.7630614736842105,POINT (73.33917 31.19222),1
73.33528,31.24056,2.976094909090909,POINT (73.33528 31.24056),1
73.32417,31.27167,2.274247238095238,POINT (73.32417 31.27167),1
73.34167,31.34028,2.7558274285714286,POINT (73.34167 31.34028),1
73.34333,31.37417,2.319528,POINT (73.34333 31.37417),1
73.33806,31.40722,3.266957,POINT (73.33806 31.40722),1
73.34083,31.43833,3.223528941176471,POINT (73.34083 31.43833),1
71.99028,30.63889,4.562972923076924,POINT (71.99028 30.63889),1
71.71444,30.55528,4.9609248,POINT (71.71444 30.55528),1
71.96056,30.66806,3.5979201599999997,POINT (71.96056 30.66806),1
71.99361,30.73194,2.4223472,POINT (71.99361 30.73194),1
71.96194,30.77722,2.6989663999999998,POINT (71.96194 30.77722),1
72.17333,30.82833,2.2179915,POINT (72.17333 30.82833),1
72.25361,30.62472,3.8952756,POINT (72.25361 30.62472),1
72.17639,30.66944,3.489452,POINT (72.17639 30.66944),1
72.2175,30.71167,3.091153263157895,POINT (72.2175 30.71167),1
72.14667,30.785,3.197398,POINT (72.14667 30.785),1
72.04028,30.82889,2.5107497142857143,POINT (72.04028 30.82889),1
72.30778,30.88639,2.9269689999999997,POINT (72.30778 30.88639),1
71.83306,30.45528,9.576054000000001,POINT (71.83306 30.45528),1
71.91417,30.42306,9.232391999999999,POINT (71.91417 30.42306),1
71.90833,30.3525,10.0718112,POINT (71.90833 30.3525),1
72.30917,30.18028,6.509173333333333,POINT (72.30917 30.18028),1
72.51778,30.26528,13.17879,POINT (72.51778 30.26528),1
72.73028,30.16972,7.190232,POINT (72.73028 30.16972),1
73.645,30.895,5.4358032000000005,POINT (73.645 30.895),1
73.68778,30.84583,11.010138,POINT (73.68778 30.84583),1
72.30139,30.60028,4.593004695652174,POINT (72.30139 30.60028),1
72.13,30.63889,2.7425142,POINT (72.13 30.63889),1
72.10556,30.68611,3.0058508571428573,POINT (72.10556 30.68611),1
72.08194,30.72417,3.418205,POINT (72.08194 30.72417),1
72.20611,30.77889,3.2223776842105263,POINT (72.20611 30.77889),1
72.29556,30.83083,3.1521132,POINT (72.29556 30.83083),1
72.24833,30.87083,1.8486922105263157,POINT (72.24833 30.87083),1
72.18972,30.91778,2.3251795,POINT (72.18972 30.91778),1
72.21167,30.62306,1.5631885714285716,POINT (72.21167 30.62306),1
72.3075,30.67,1.8382911111111109,POINT (72.3075 30.67),1
72.26528,30.73306,1.575054,POINT (72.26528 30.73306),1
72.27639,30.785,3.6725352,POINT (72.27639 30.785),1
72.295,30.8375,4.62948208,POINT (72.295 30.8375),1
72.34861,30.90139,3.49218608,POINT (72.34861 30.90139),1
72.1825,30.94333,2.255393,POINT (72.1825 30.94333),1
72.36056,30.955,2.32189616,POINT (72.36056 30.955),1
72.125,30.94611,2.595684,POINT (72.125 30.94611),1
72.16417,31.11111,1.0349536000000001,POINT (72.16417 31.11111),1
72.20722,30.58306,1.486662,POINT (72.20722 30.58306),1
72.18444,31.17611,1.00062,POINT (72.18444 31.17611),1
72.185,31.24472,2.533976571428571,POINT (72.185 31.24472),1
72.38,31.19583,1.6820980869565219,POINT (72.38 31.19583),1
72.20194,31.18472,2.7648034285714287,POINT (72.20194 31.18472),1
72.18694,30.61306,0.776429,POINT (72.18694 30.61306),1
72.17778,30.66972,1.02067616,POINT (72.17778 30.66972),1
72.17472,30.72667,1.2775474285714286,POINT (72.17472 30.72667),1
72.16889,30.78972,2.4576505263157897,POINT (72.16889 30.78972),1
72.18139,30.82778,2.4430717037037035,POINT (72.18139 30.82778),1
72.19333,30.89,2.351211157894737,POINT (72.19333 30.89),1
72.17972,30.92083,2.8959030476190475,POINT (72.17972 30.92083),1
72.16833,30.93556,3.5205819999999997,POINT (72.16833 30.93556),1
72.17417,31.00056,2.114654222222222,POINT (72.17417 31.00056),1
72.23972,30.59,1.9772486666666669,POINT (72.23972 30.59),1
72.235,31.25333,2.9785733333333333,POINT (72.235 31.25333),1
72.22472,31.16056,3.466038,POINT (72.22472 31.16056),1
72.22472,31.15361,3.527017454545455,POINT (72.22472 31.15361),1
72.25194,31.19333,4.735891,POINT (72.25194 31.19333),1
72.21083,30.635,0.7725213913043478,POINT (72.21083 30.635),1
72.23417,30.6875,1.13228832,POINT (72.23417 30.6875),1
72.23444,30.73139,0.6225181176470588,POINT (72.23444 30.73139),1
72.25889,30.80056,1.9743253333333333,POINT (72.25889 30.80056),1
72.22,30.84389,2.0782721739130436,POINT (72.22 30.84389),1
72.21667,30.87528,2.398709739130435,POINT (72.21667 30.87528),1
72.21028,30.88944,2.5371552,POINT (72.21028 30.88944),1
72.21472,30.92917,3.7655719999999997,POINT (72.21472 30.92917),1
72.20972,30.97694,2.046205142857143,POINT (72.20972 30.97694),1
72.26806,30.64361,3.22289424,POINT (72.26806 30.64361),1
72.27639,31.15667,5.912288727272727,POINT (72.27639 31.15667),1
72.29222,31.33028,7.258344,POINT (72.29222 31.33028),1
72.27194,31.22917,4.532024,POINT (72.27194 31.22917),1
72.25611,30.67472,1.4580082105263157,POINT (72.25611 30.67472),1
72.285,30.73722,3.6782137777777777,POINT (72.285 30.73722),1
72.29111,30.7875,5.424571555555556,POINT (72.29111 30.7875),1
72.26028,30.85667,3.110209333333333,POINT (72.26028 30.85667),1
72.27639,30.95028,5.9992,POINT (72.27639 30.95028),1
72.30194,30.98139,4.105075428571428,POINT (72.30194 30.98139),1
72.27583,31.05833,5.5386223999999995,POINT (72.27583 31.05833),1
73.28417,31.68,3.563809523857143,POINT (73.28417 31.68),1
73.30389,31.68944,2.8714285714285714,POINT (73.30389 31.68944),1
73.32222,31.63,3.2309523810000003,POINT (73.32222 31.63),1
73.31667,31.53889,5.172,POINT (73.31667 31.53889),1
73.18889,31.55861,3.914166666625,POINT (73.18889 31.55861),1
73.17556,31.59278,4.050833333333333,POINT (73.17556 31.59278),1
73.17444,31.64028,5.1814285714285715,POINT (73.17444 31.64028),1
73.30806,31.62222,5.69,POINT (73.30806 31.62222),1
73.08583,31.59361,5.476666666666667,POINT (73.08583 31.59361),1
73.21833,31.37722,4.57625,POINT (73.21833 31.37722),1
73.19056,31.36611,3.324375,POINT (73.19056 31.36611),1
73.21194,31.35111,4.094375,POINT (73.21194 31.35111),1
73.17861,31.31861,4.171666666666666,POINT (73.17861 31.31861),1
73.24278,31.305,2.438095238142857,POINT (73.24278 31.305),1
73.20806,31.24861,3.027142857142857,POINT (73.20806 31.24861),1
73.2175,31.225,3.845625,POINT (73.2175 31.225),1
73.31028,31.27167,4.335,POINT (73.31028 31.27167),1
73.25222,31.17806,3.716666666666667,POINT (73.25222 31.17806),1
73.18722,31.18361,3.27,POINT (73.18722 31.18361),1
73.22333,31.19528,3.6923809524285716,POINT (73.22333 31.19528),1
73.17972,31.22889,3.374,POINT (73.17972 31.22889),1
73.15472,31.40917,3.3413333334,POINT (73.15472 31.40917),1
73.25861,31.46194,3.035,POINT (73.25861 31.46194),1
72.66639,31.17417,4.81625,POINT (72.66639 31.17417),1
72.70861,31.20889,4.189,POINT (72.70861 31.20889),1
72.68722,31.13278,4.265,POINT (72.68722 31.13278),1
72.72611,31.18556,4.739,POINT (72.72611 31.18556),1
72.71917,31.36889,3.3385714285714285,POINT (72.71917 31.36889),1
72.78889,31.25667,3.7375000000000003,POINT (72.78889 31.25667),1
72.82889,31.29972,5.600714285714285,POINT (72.82889 31.29972),1
73.30861,31.45722,5.163125,POINT (73.30861 31.45722),1
72.8075,31.3525,5.218571428571429,POINT (72.8075 31.3525),1
72.90944,31.25,4.847142857142857,POINT (72.90944 31.25),1
72.86833,31.20722,4.193,POINT (72.86833 31.20722),1
72.74389,31.15278,6.186428571428571,POINT (72.74389 31.15278),1
72.88861,31.16583,4.276428571428571,POINT (72.88861 31.16583),1
72.86917,31.32111,5.73625,POINT (72.86917 31.32111),1
72.90361,31.1825,5.227857142857142,POINT (72.90361 31.1825),1
73.30472,31.50333,5.487142857142857,POINT (73.30472 31.50333),1
72.96222,31.27833,5.19375,POINT (72.96222 31.27833),1
73.23722,31.41194,6.304285714285714,POINT (73.23722 31.41194),1
72.19778,30.89222,4.1425,POINT (72.19778 30.89222),1
72.32333,30.90472,4.2975,POINT (72.32333 30.90472),1
72.23889,30.82611,2.665625,POINT (72.23889 30.82611),1
73.26833,31.50722,4.606,POINT (73.26833 31.50722),1
72.23667,30.86917,1.4992857142857143,POINT (72.23667 30.86917),1
72.24861,30.89278,4.582,POINT (72.24861 30.89278),1
72.23806,30.90639,2.8614285714285717,POINT (72.23806 30.90639),1
72.24083,30.95556,6.112142857142857,POINT (72.24083 30.95556),1
72.20944,31.13472,3.971666666666667,POINT (72.20944 31.13472),1
72.23583,30.75639,1.4,POINT (72.23583 30.75639),1
72.21139,30.73583,3.18,POINT (72.21139 30.73583),1
73.24361,31.55,3.2566666667142856,POINT (73.24361 31.55),1
73.24611,31.62528,3.0066666666666664,POINT (73.24611 31.62528),1
73.43,31.72972,4.23875,POINT (73.43 31.72972),1
73.46333,31.72417,5.484999999999999,POINT (73.46333 31.72417),1
73.87111,31.79528,4.433333333333334,POINT (73.87111 31.79528),1
73.98444,30.79194,8.705469,POINT (73.98444 30.79194),1
73.60028,31.7525,4.5675,POINT (73.60028 31.7525),1
73.58361,31.74222,4.11,POINT (73.58361 31.74222),1
73.65667,31.81444,2.5949999999999998,POINT (73.65667 31.81444),1
73.75528,31.92472,4.6875,POINT (73.75528 31.92472),1
73.54639,31.85833,4.7533333334,POINT (73.54639 31.85833),1
73.62333,31.875,4.659375,POINT (73.62333 31.875),1
73.84972,30.81722,4.341114,POINT (73.84972 30.81722),1
73.62111,31.88611,4.0685714285714285,POINT (73.62111 31.88611),1
73.64722,31.92028,4.855,POINT (73.64722 31.92028),1
73.60667,31.9725,3.1999999999999997,POINT (73.60667 31.9725),1
73.66806,31.94611,4.312142857142858,POINT (73.66806 31.94611),1
73.63917,31.84778,4.495,POINT (73.63917 31.84778),1
73.69583,31.85972,4.84,POINT (73.69583 31.85972),1
73.67056,31.89056,4.080000000000001,POINT (73.67056 31.89056),1
73.62667,31.92194,4.904999999999999,POINT (73.62667 31.92194),1
73.82111,31.84056,5.886666666666667,POINT (73.82111 31.84056),1
73.87972,30.77444,6.018929142857142,POINT (73.87972 30.77444),1
73.73806,32.13,4.4399999999999995,POINT (73.73806 32.13),1
73.72083,32.14472,3.845714285714286,POINT (73.72083 32.14472),1
73.69028,31.90167,5.025,POINT (73.69028 31.90167),1
73.5775,32.19528,5.41,POINT (73.5775 32.19528),1
73.53306,31.55556,2.2285714285714286,POINT (73.53306 31.55556),1
73.77194,31.93722,4.324285714285714,POINT (73.77194 31.93722),1
73.85611,31.87306,4.426,POINT (73.85611 31.87306),1
73.91694,31.90889,5.076666666666667,POINT (73.91694 31.90889),1
73.72278,31.92611,4.732857142857143,POINT (73.72278 31.92611),1
73.87333,31.75806,4.27,POINT (73.87333 31.75806),1
73.92889,30.62861,2.7051000000000003,POINT (73.92889 30.62861),1
73.97722,31.73917,6.595000000000001,POINT (73.97722 31.73917),1
73.975,31.82639,5.077142857142857,POINT (73.975 31.82639),1
73.72111,31.90167,3.1833333333333336,POINT (73.72111 31.90167),1
73.99583,31.9525,4.456666666666667,POINT (73.99583 31.9525),1
73.95556,31.91028,5.37,POINT (73.95556 31.91028),1
73.50444,31.5675,4.2225,POINT (73.50444 31.5675),1
73.37056,31.74417,1.5825,POINT (73.37056 31.74417),1
73.3,31.74111,2.3200000000000003,POINT (73.3 31.74111),1
73.42528,31.58556,4.76875,POINT (73.42528 31.58556),1
73.26889,31.83028,3.08,POINT (73.26889 31.83028),1
73.69111,30.95222,4.354449000000001,POINT (73.69111 30.95222),1
73.48861,31.45639,2.75,POINT (73.48861 31.45639),1
73.45056,31.50722,4.2316666666666665,POINT (73.45056 31.50722),1
73.42111,31.51917,4.848000000000001,POINT (73.42111 31.51917),1
73.37528,31.60472,4.483,POINT (73.37528 31.60472),1
73.235,31.80889,2.493,POINT (73.235 31.80889),1
73.17944,31.84389,3.472,POINT (73.17944 31.84389),1
73.35944,31.52222,5.57125,POINT (73.35944 31.52222),1
73.31333,31.57056,4.653333333333333,POINT (73.31333 31.57056),1
73.41889,31.38111,3.758,POINT (73.41889 31.38111),1
73.41417,31.34306,6.368333333333333,POINT (73.41417 31.34306),1
73.73556,30.90306,7.486396,POINT (73.73556 30.90306),1
73.30472,31.4175,4.783333333333333,POINT (73.30472 31.4175),1
73.20861,31.41833,5.786666666666666,POINT (73.20861 31.41833),1
73.25056,31.27639,5.7299999999999995,POINT (73.25056 31.27639),1
73.31889,31.74333,2.285,POINT (73.31889 31.74333),1
72.99444,31.33944,8.52625,POINT (72.99444 31.33944),1
72.99139,31.30056,4.4399999999999995,POINT (72.99139 31.30056),1
72.94611,31.35222,4.855,POINT (72.94611 31.35222),1
72.97111,31.22139,5.204,POINT (72.97111 31.22139),1
72.96694,31.17417,3.626666666666667,POINT (72.96694 31.17417),1
72.90917,31.19306,4.9675,POINT (72.90917 31.19306),1
73.53417,30.88917,6.885051,POINT (73.53417 30.88917),1
72.66083,31.22694,8.34,POINT (72.66083 31.22694),1
72.65083,31.34917,5.25,POINT (72.65083 31.34917),1
72.65944,31.07667,8.546666666666667,POINT (72.65944 31.07667),1
72.64194,31.1625,4.053333333333334,POINT (72.64194 31.1625),1
73.41639,31.62306,3.9925,POINT (73.41639 31.62306),1
73.41083,31.69167,3.905,POINT (73.41083 31.69167),1
73.68639,31.80889,4.8999999999999995,POINT (73.68639 31.80889),1
73.51639,31.47556,3.51,POINT (73.51639 31.47556),1
73.17,31.67222,2.23,POINT (73.17 31.67222),1
73.31111,31.83972,2.589,POINT (73.31111 31.83972),1
72.33194,30.33472,11.189335,POINT (72.33194 30.33472),1
73.50139,31.58167,3.888333333333333,POINT (73.50139 31.58167),1
73.4125,31.65972,4.032,POINT (73.4125 31.65972),1
72.26333,31.29639,8.592,POINT (72.26333 31.29639),1
72.185,31.30639,2.65,POINT (72.185 31.30639),1
72.33667,31.00583,2.578333333333333,POINT (72.33667 31.00583),1
72.26806,30.82417,4.369166666666667,POINT (72.26806 30.82417),1
72.25056,30.86056,4.621666666666667,POINT (72.25056 30.86056),1
72.24167,31.17083,7.081999999999999,POINT (72.24167 31.17083),1
72.19111,30.98444,2.43,POINT (72.19111 30.98444),1
72.25583,30.19944,10.025575384615385,POINT (72.25583 30.19944),1
72.26722,30.75583,6.6625,POINT (72.26722 30.75583),1
72.22806,30.79583,1.7559999999999998,POINT (72.22806 30.79583),1
72.21444,30.81722,2.859166666666667,POINT (72.21444 30.81722),1
72.19278,30.85639,5.506666666666667,POINT (72.19278 30.85639),1
72.18444,30.92167,3.286,POINT (72.18444 30.92167),1
72.25056,30.95778,2.6689999999999996,POINT (72.25056 30.95778),1
72.32667,30.96278,2.41,POINT (72.32667 30.96278),1
72.28,30.69417,6.095833333333334,POINT (72.28 30.69417),1
72.2525,31.04528,7.359,POINT (72.2525 31.04528),1
72.20667,30.78611,1.4974999999999998,POINT (72.20667 30.78611),1
72.18889,30.80333,3.5116666666666667,POINT (72.18889 30.80333),1
72.31528,30.86056,1.9375,POINT (72.31528 30.86056),1
72.18139,30.87861,4.369,POINT (72.18139 30.87861),1
72.11194,30.94611,3.04,POINT (72.11194 30.94611),1
72.28972,30.6275,5.1025,POINT (72.28972 30.6275),1
72.21944,30.7125,1.4558333333333333,POINT (72.21944 30.7125),1
72.24,31.27,6.2425,POINT (72.24 31.27),1
72.42444,30.7525,4.928333333333334,POINT (72.42444 30.7525),1
72.36639,30.80194,3.8333333333333335,POINT (72.36639 30.80194),1
72.26333,30.61083,3.1191666666666666,POINT (72.26333 30.61083),1
72.24167,30.63028,1.5575,POINT (72.24167 30.63028),1
72.21806,30.66083,1.105,POINT (72.21806 30.66083),1
72.21056,30.67333,1.3891666666666669,POINT (72.21056 30.67333),1
72.19194,30.69778,2.2275,POINT (72.19194 30.69778),1
72.30028,30.75806,5.4175,POINT (72.30028 30.75806),1
72.24861,30.99333,7.040000000000001,POINT (72.24861 30.99333),1
72.21833,30.61444,1.3941666666666668,POINT (72.21833 30.61444),1
72.18778,30.70111,2.8475,POINT (72.18778 30.70111),1
72.35306,30.73361,5.2700000000000005,POINT (72.35306 30.73361),1
72.25056,30.67306,2.026666666666667,POINT (72.25056 30.67306),1
72.21444,30.6875,3.3708333333333336,POINT (72.21444 30.6875),1
71.97222,30.82472,3.310833333333333,POINT (71.97222 30.82472),1
72.41444,30.57722,3.2183333333333333,POINT (72.41444 30.57722),1
72.19778,30.67306,2.848333333333333,POINT (72.19778 30.67306),1
72.19083,31.10806,2.3850000000000002,POINT (72.19083 31.10806),1
72.2525,30.91806,6.616666666666667,POINT (72.2525 30.91806),1
73.26,31.33,9.77467876923077,POINT (73.26 31.33),1
72.84,31.13,12.1274196,POINT (72.84 31.13),1
73.95278,31.80722,5.961,POINT (73.95278 31.80722),1
73.89083,31.85083,6.815,POINT (73.89083 31.85083),1
73.94278,31.95944,6.735,POINT (73.94278 31.95944),1
73.86778,31.82083,5.39,POINT (73.86778 31.82083),1
73.84083,31.68444,4.2,POINT (73.84083 31.68444),1
73.83222,31.72083,4.42,POINT (73.83222 31.72083),1
73.81722,31.72083,3.936666666666667,POINT (73.81722 31.72083),1
73.73472,31.80722,5.31,POINT (73.73472 31.80722),1
73.81722,31.74056,2.6550000000000002,POINT (73.81722 31.74056),1
73.53056,32.23611,3.7464285714285714,POINT (73.53056 32.23611),1
73.50917,32.22583,4.675714285714286,POINT (73.50917 32.22583),1
73.48056,32.2125,4.710833333333333,POINT (73.48056 32.2125),1
73.6875,32.24806,2.84,POINT (73.6875 32.24806),1
73.76889,31.92222,4.145833333333333,POINT (73.76889 31.92222),1
73.79694,32.26806,2.06625,POINT (73.79694 32.26806),1
73.75694,31.87083,3.640833333333333,POINT (73.75694 31.87083),1
73.76083,31.83583,4.98125,POINT (73.76083 31.83583),1
73.82611,32.23667,2.0439999999999996,POINT (73.82611 32.23667),1
73.78667,32.27944,3.405,POINT (73.78667 32.27944),1
73.75083,32.21194,2.54,POINT (73.75083 32.21194),1
73.46389,31.88472,4.476666666666667,POINT (73.46389 31.88472),1
73.47444,31.84222,3.51,POINT (73.47444 31.84222),1
73.59556,31.77083,6.0,POINT (73.59556 31.77083),1
73.4775,31.81833,2.655,POINT (73.4775 31.81833),1
73.47111,31.88528,5.694285714285714,POINT (73.47111 31.88528),1
73.42361,31.74472,3.283333333333333,POINT (73.42361 31.74472),1
73.445,31.81444,1.99,POINT (73.445 31.81444),1
73.64806,31.62611,7.293333333333334,POINT (73.64806 31.62611),1
73.56861,31.60778,6.706666666666667,POINT (73.56861 31.60778),1
73.113,30.624,38.160000000000004,POINT (73.113 30.624),0
73.206,30.314,37.1625,POINT (73.206 30.314),0
73.173,30.309,41.765,POINT (73.173 30.309),0
72.932,30.462,46.913333333333334,POINT (72.932 30.462),0
73.113,30.456,45.370000000000005,POINT (73.113 30.456),0
73.062,30.229,26.119999999999997,POINT (73.062 30.229),0
72.76,30.367,46.870000000000005,POINT (72.76 30.367),0
73.173,30.318,42.0375,POINT (73.173 30.318),0
72.719,30.426,48.3275,POINT (72.719 30.426),0
72.717,30.354,49.8275,POINT (72.717 30.354),0
73.11,30.43,11.125392278,POINT (73.11 30.43),1
72.736,30.4,37.442,POINT (72.736 30.4),0
72.586,30.493,33.64,POINT (72.586 30.493),0
72.817,30.55,34.96333333333333,POINT (72.817 30.55),0
72.716,30.425,18.439999999999998,POINT (72.716 30.425),1
73.079,30.636,40.550000000000004,POINT (73.079 30.636),0
72.541,30.441,33.287499999999994,POINT (72.541 30.441),0
72.69,30.508,23.476,POINT (72.69 30.508),0
72.846,30.572,30.162,POINT (72.846 30.572),0
72.65,30.403,36.33,POINT (72.65 30.403),0
72.602,30.469,34.33,POINT (72.602 30.469),0
72.574,30.481,42.245,POINT (72.574 30.481),0
72.741,30.572,25.395999999999997,POINT (72.741 30.572),0
72.768,30.523,27.244999999999997,POINT (72.768 30.523),0
72.805,30.574,27.708,POINT (72.805 30.574),0
73.399,32.397,4.3933333333333335,POINT (73.399 32.397),1
72.592,32.284,6.271428571428571,POINT (72.592 32.284),1
72.857,32.306,7.108571428571429,POINT (72.857 32.306),1
73.1,32.4,9.067142857142857,POINT (73.1 32.4),1
72.429,32.269,6.795714285714285,POINT (72.429 32.269),1
73.768,32.483,11.505714285714285,POINT (73.768 32.483),1
72.973,32.291,6.064285714285715,POINT (72.973 32.291),1
73.025,32.321,5.607142857142857,POINT (73.025 32.321),1
72.905,32.275,7.192857142857143,POINT (72.905 32.275),1
72.847,32.31,6.7299999999999995,POINT (72.847 32.31),1
72.6,32.1,13.801428571428572,POINT (72.6 32.1),1
72.921,32.367,6.9159999999999995,POINT (72.921 32.367),1
72.588,32.347,9.497142857142858,POINT (72.588 32.347),1
73.583,32.417,4.634285714285714,POINT (73.583 32.417),1
72.812,32.347,8.194285714285714,POINT (72.812 32.347),1
72.905,32.277,3.846,POINT (72.905 32.277),1
72.457,32.276,6.01,POINT (72.457 32.276),1
73.581,32.405,12.205,POINT (73.581 32.405),1
72.927,32.282,8.447142857142858,POINT (72.927 32.282),1
73.561,32.427,11.745000000000001,POINT (73.561 32.427),1
72.911,32.261,4.308571428571429,POINT (72.911 32.261),1
72.907,32.244,18.382857142857144,POINT (72.907 32.244),1
72.895,32.235,14.297142857142857,POINT (72.895 32.235),1
72.899,32.26,8.15,POINT (72.899 32.26),1
72.81,32.179,16.762857142857143,POINT (72.81 32.179),1
72.861,32.227,7.357142857142857,POINT (72.861 32.227),1
72.877,32.226,10.087142857142856,POINT (72.877 32.226),1
72.855,32.231,8.45,POINT (72.855 32.231),1
73.067,32.134,6.1242857142857146,POINT (73.067 32.134),1
72.674,32.175,12.771666666666667,POINT (72.674 32.175),1
72.925,32.246,4.24,POINT (72.925 32.246),1
72.833,31.988,11.113333333333335,POINT (72.833 31.988),1
73.024,32.179,10.928571428571429,POINT (73.024 32.179),1
72.798,32.042,14.07,POINT (72.798 32.042),1
73.109,32.231,9.877142857142857,POINT (73.109 32.231),1
72.838,32.082,7.13,POINT (72.838 32.082),1
72.73,32.032,7.154285714285714,POINT (72.73 32.032),1
72.546,32.234,16.08,POINT (72.546 32.234),1
72.142,32.148,15.374285714285715,POINT (72.142 32.148),1
72.581,31.849,3.7285714285714286,POINT (72.581 31.849),1
72.878,32.241,9.754285714285714,POINT (72.878 32.241),1
72.434,32.288,7.175714285714286,POINT (72.434 32.288),1
72.585,31.995,14.83,POINT (72.585 31.995),1
72.869,32.107,5.392857142857143,POINT (72.869 32.107),1
72.902,32.0,7.497142857142857,POINT (72.902 32),1
72.66,31.818,4.935714285714285,POINT (72.66 31.818),1
72.903,32.001,10.602857142857143,POINT (72.903 32.001),1
72.773,32.107,6.743333333333333,POINT (72.773 32.107),1
72.703,32.121,8.198,POINT (72.703 32.121),1
72.802,32.211,13.557142857142859,POINT (72.802 32.211),1
72.857,32.075,6.87,POINT (72.857 32.075),1
72.919,31.958,8.375714285714285,POINT (72.919 31.958),1
72.843,32.112,10.581428571428571,POINT (72.843 32.112),1
72.569,32.083,12.47,POINT (72.569 32.083),1
72.814,32.04,12.224,POINT (72.814 32.04),1
72.7,32.05,7.764285714285714,POINT (72.7 32.05),1
72.742,32.048,19.601428571428574,POINT (72.742 32.048),1
72.8,32.209,8.286,POINT (72.8 32.209),1
72.755,32.053,9.422,POINT (72.755 32.053),1
72.793,31.982,7.428571428571429,POINT (72.793 31.982),1
72.751,32.053,9.08,POINT (72.751 32.053),1
72.778,31.972,10.82,POINT (72.778 31.972),1
73.222,32.17,9.81857142857143,POINT (73.222 32.17),1
72.916,31.973,8.54,POINT (72.916 31.973),1
72.915,32.274,4.942857142857143,POINT (72.915 32.274),1
72.825,32.259,8.780000000000001,POINT (72.825 32.259),1
72.458,31.813,9.217142857142857,POINT (72.458 31.813),1
72.673,32.168,4.876666666666667,POINT (72.673 32.168),1
72.957,32.218,7.367142857142857,POINT (72.957 32.218),1
72.954,32.192,7.2,POINT (72.954 32.192),1
72.955,32.211,5.948571428571428,POINT (72.955 32.211),1
72.802,32.159,6.2925,POINT (72.802 32.159),1
72.965,32.252,7.089999999999999,POINT (72.965 32.252),1
73.029,32.188,5.405,POINT (73.029 32.188),1
72.954,32.208,6.410000000000001,POINT (72.954 32.208),1
72.995,32.198,4.625,POINT (72.995 32.198),1
72.5,31.9,6.76,POINT (72.5 31.9),1
72.799,32.286,6.158571428571428,POINT (72.799 32.286),1
73.01,32.136,3.0614285714285714,POINT (73.01 32.136),1
73.107,32.233,7.308571428571428,POINT (73.107 32.233),1
72.735,32.093,7.055,POINT (72.735 32.093),1
72.692,30.058,5.182857142857143,POINT (72.692 30.058),1
72.571,31.964,11.19,POINT (72.571 31.964),1
72.569,32.084,11.91,POINT (72.569 32.084),1
72.54,31.996,10.207142857142857,POINT (72.54 31.996),1
72.569,31.916,17.18857142857143,POINT (72.569 31.916),1
72.649,32.012,8.847142857142858,POINT (72.649 32.012),1
72.644,31.98,15.16,POINT (72.644 31.98),1
72.627,31.972,14.155000000000001,POINT (72.627 31.972),1
72.641,31.981,7.276666666666666,POINT (72.641 31.981),1
72.581,32.012,11.755714285714285,POINT (72.581 32.012),1
72.402,32.273,13.897142857142857,POINT (72.402 32.273),1
72.544,32.015,10.96,POINT (72.544 32.015),1
72.557,31.975,12.222857142857142,POINT (72.557 31.975),1
72.36,31.59,18.41,POINT (72.36 31.59),1
72.258,29.663,32.295,POINT (72.258 29.663),0
73.384,30.344,20.932,POINT (73.384 30.344),0
73.64,30.64,27.5,POINT (73.64 30.64),0
73.994,31.876,19.463333333333335,POINT (73.994 31.876),1
72.13,29.734,22.30333333333333,POINT (72.13 29.734),0
73.648,30.668,23.58,POINT (73.648 30.668),0
73.77,31.75,20.486,POINT (73.77 31.75),0
73.701,31.451,16.23,POINT (73.701 31.451),1
73.967,31.686,19.468333333333334,POINT (73.967 31.686),1
73.926,31.804,19.42833333333333,POINT (73.926 31.804),1
73.98,31.724,13.826666666666668,POINT (73.98 31.724),1
73.876,31.83,45.125,POINT (73.876 31.83),0
72.39,30.174,18.44333333333333,POINT (72.39 30.174),1
72.111,30.108,19.011666666666667,POINT (72.111 30.108),1
72.656,30.244,4.75,POINT (72.656 30.244),1
72.204,30.036,25.973333333333333,POINT (72.204 30.036),0
72.20278,32.33667,0.7994653846153846,POINT (72.20278 32.33667),1
72.36972,32.31028,0.6182111111111112,POINT (72.36972 32.31028),1
72.40111,32.30889,0.8122705882352941,POINT (72.40111 32.30889),1
72.11528,32.27361,1.32033125,POINT (72.11528 32.27361),1
72.36583,32.27417,0.7706083333333335,POINT (72.36583 32.27417),1
72.1675,32.27167,0.6989705882352941,POINT (72.1675 32.27167),1
72.20139,32.26889,1.06532,POINT (72.20139 32.26889),1
72.30361,32.26944,0.9445733333333333,POINT (72.30361 32.26944),1
72.13917,32.24,3.112764705882353,POINT (72.13917 32.24),1
72.11278,32.2225,0.2817,POINT (72.11278 32.2225),1
72.27278,32.33389,0.7002409090909091,POINT (72.27278 32.33389),1
72.20278,32.23889,1.0492866666666667,POINT (72.20278 32.23889),1
72.23972,32.24472,0.6618700000000001,POINT (72.23972 32.24472),1
72.27222,32.2425,1.1473727272727272,POINT (72.27222 32.2425),1
72.32611,32.24361,2.51269375,POINT (72.32611 32.24361),1
72.34361,32.25083,1.9709461538461537,POINT (72.34361 32.25083),1
72.702,30.119,14.258333333333333,POINT (72.702 30.119),1
72.18556,32.2075,1.6331727272727272,POINT (72.18556 32.2075),1
72.21667,32.21694,2.085146153846154,POINT (72.21667 32.21694),1
72.27694,32.22417,3.148576923076923,POINT (72.27694 32.22417),1
72.20528,32.1775,4.889164285714286,POINT (72.20528 32.1775),1
72.37917,32.34111,0.720653125,POINT (72.37917 32.34111),1
72.23889,32.18528,3.399063636363636,POINT (72.23889 32.18528),1
72.21917,32.39306,4.559605882352941,POINT (72.21917 32.39306),1
72.42,32.35861,1.10616875,POINT (72.42 32.35861),1
72.37889,32.29111,0.5927,POINT (72.37889 32.29111),1
72.26667,32.30417,0.583953125,POINT (72.26667 32.30417),1
72.683,30.158,18.793333333333333,POINT (72.683 30.158),1
72.30639,32.29833,0.6254615384615385,POINT (72.30639 32.29833),1
72.34,32.30056,0.8491,POINT (72.34 32.30056),1
71.6,31.27,10.690955130434782,POINT (71.6 31.27),1
71.75833,31.3,12.6735,POINT (71.75833 31.3),1
71.50917,31.35389,4.72,POINT (71.50917 31.35389),1
72.271,29.965,24.245,POINT (72.271 29.965),0
71.74278,31.22083,6.5652,POINT (71.74278 31.22083),1
71.86,30.96778,3.4364000000000003,POINT (71.86 30.96778),1
72.08944,31.25333,3.4041397499999997,POINT (72.08944 31.25333),1
72.16222,31.21556,2.5260366944166663,POINT (72.16222 31.21556),1
71.93583,30.97167,5.0503455,POINT (71.93583 30.97167),1
71.90889,30.95889,4.452112,POINT (71.90889 30.95889),1
71.88889,30.92222,3.9819072,POINT (71.88889 30.92222),1
72.27472,31.31139,1.5982856666818182,POINT (72.27472 31.31139),1
71.99639,31.10972,0.8029521739130435,POINT (71.99639 31.10972),1
72.126,29.801,24.83,POINT (72.126 29.801),0
71.9725,31.13139,4.382192727272727,POINT (71.9725 31.13139),1
71.9525,30.98556,3.0450317826086954,POINT (71.9525 30.98556),1
71.95639,30.96944,4.076379590909091,POINT (71.95639 30.96944),1
71.95,30.93611,4.1297352,POINT (71.95 30.93611),1
71.93167,30.9075,4.454398,POINT (71.93167 30.9075),1
72.28278,31.32778,3.18887475,POINT (72.28278 31.32778),1
71.90444,30.87222,3.897076236125,POINT (71.90444 30.87222),1
71.89,30.82889,2.2257623622608698,POINT (71.89 30.82889),1
71.74056,30.67556,3.8769320694166667,POINT (71.74056 30.67556),1
71.71806,30.64611,2.238426086956522,POINT (71.71806 30.64611),1
71.84417,30.80972,3.3526095,POINT (71.84417 30.80972),1
71.8375,30.78694,3.8239065,POINT (71.8375 30.78694),1
71.81222,30.75139,3.1998017970869563,POINT (71.81222 30.75139),1
71.80861,30.72167,2.5487490139166664,POINT (71.80861 30.72167),1
71.80333,30.68778,3.925173333347826,POINT (71.80333 30.68778),1
71.79611,30.66389,1.7979353477826086,POINT (71.79611 30.66389),1
71.85417,30.90056,3.8927116363636363,POINT (71.85417 30.90056),1
71.85167,30.86861,3.5661397917083337,POINT (71.85167 30.86861),1
71.83861,30.84361,3.9416355,POINT (71.83861 30.84361),1
71.81917,30.82167,2.6979385797391306,POINT (71.81917 30.82167),1
71.79167,30.79694,3.931539,POINT (71.79167 30.79694),1
71.76389,30.76972,2.175837608695652,POINT (71.76389 30.76972),1
71.75,30.73917,3.489089142857143,POINT (71.75 30.73917),1
71.76083,30.71139,3.177921,POINT (71.76083 30.71139),1
71.76333,30.69333,1.977688986125,POINT (71.76333 30.69333),1
71.75389,30.65361,2.791968,POINT (71.75389 30.65361),1
71.83361,30.87972,2.0459083957916664,POINT (71.83361 30.87972),1
71.80472,30.84444,2.3762284637391304,POINT (71.80472 30.84444),1
71.76917,30.81361,3.8678104,POINT (71.76917 30.81361),1
71.76444,30.80556,4.3880024,POINT (71.76444 30.80556),1
71.73389,30.76917,3.3389824,POINT (71.73389 30.76917),1
71.98889,31.20222,4.6777656,POINT (71.98889 31.20222),1
71.68639,30.69111,3.0523375384615385,POINT (71.68639 30.69111),1
71.65556,30.64722,2.1811488000000003,POINT (71.65556 30.64722),1
71.64056,30.62,2.1215096,POINT (71.64056 30.62),1
72.28444,31.27639,3.93087225,POINT (72.28444 31.27639),1
71.58389,30.5875,2.6061416,POINT (71.58389 30.5875),1
71.71194,30.71778,2.5289532318260872,POINT (71.71194 30.71778),1
72.14583,31.255,4.6689644999999995,POINT (72.14583 31.255),1
71.69278,30.65,2.9902912,POINT (71.69278 30.65),1
71.68556,30.64111,2.9312616,POINT (71.68556 30.64111),1
72.09944,31.12611,2.5932009722083333,POINT (72.09944 31.12611),1
71.66083,30.60861,3.1058104,POINT (71.66083 30.60861),1
71.60917,30.57583,2.267204,POINT (71.60917 30.57583),1
71.56833,30.50722,1.9685,POINT (71.56833 30.50722),1
71.57917,30.54917,1.8720305958333334,POINT (71.57917 30.54917),1
71.52083,30.53722,2.279201090909091,POINT (71.52083 30.53722),1
71.99417,31.1675,2.450973888875,POINT (71.99417 31.1675),1
71.95,31.11472,2.7452262361249997,POINT (71.95 31.11472),1
71.93056,31.05861,4.758842400000001,POINT (71.93056 31.05861),1
71.90528,30.99139,4.362992925,POINT (71.90528 30.99139),1
71.87694,30.96861,4.8480345,POINT (71.87694 30.96861),1
71.85028,30.93861,4.40521725,POINT (71.85028 30.93861),1
72.27139,31.11306,2.791485472208333,POINT (72.27139 31.11306),1
72.15889,31.29306,3.574542,POINT (72.15889 31.29306),1
72.03833,30.98361,3.250969090909091,POINT (72.03833 30.98361),1
71.99472,30.95528,3.34317975,POINT (71.99472 30.95528),1
71.6925,31.83917,6.166266666666666,POINT (71.6925 31.83917),1
71.56694,30.87694,3.3312,POINT (71.56694 30.87694),1
71.65278,30.81833,7.5152,POINT (71.65278 30.81833),1
71.63194,30.85,5.4575,POINT (71.63194 30.85),1
71.59361,31.835,3.8202,POINT (71.59361 31.835),1
71.56083,31.79528,5.359999999999999,POINT (71.56083 31.79528),1
71.53778,31.70944,8.08,POINT (71.53778 31.70944),1
72.26528,31.82056,1.6144999999999998,POINT (72.26528 31.82056),1
72.18611,31.75556,13.82,POINT (72.18611 31.75556),1
71.58972,32.3,2.1053,POINT (71.58972 32.3),1
72.26417,31.68889,2.5839600000000003,POINT (72.26417 31.68889),1
72.31778,31.49056,1.8608333333333331,POINT (72.31778 31.49056),1
72.10306,31.33361,6.8208,POINT (72.10306 31.33361),1
71.98639,31.32139,6.027,POINT (71.98639 31.32139),1
71.6175,32.18278,1.7012666666666665,POINT (71.6175 32.18278),1
71.71917,31.32056,7.3137333333333325,POINT (71.71917 31.32056),1
71.77472,32.20111,2.2279875000000002,POINT (71.77472 32.20111),1
71.81278,32.19,2.92783333325,POINT (71.81278 32.19),1
71.83361,32.37528,2.6630222221666666,POINT (71.83361 32.37528),1
71.92722,32.37444,2.736122222166667,POINT (71.92722 32.37444),1
72.04722,32.18361,3.3516,POINT (72.04722 32.18361),1
72.19194,32.33694,1.7260333333333333,POINT (72.19194 32.33694),1
71.78167,32.28056,2.3718222221666667,POINT (71.78167 32.28056),1
71.86722,32.35083,2.0775333334,POINT (71.86722 32.35083),1
71.87667,32.22861,1.811,POINT (71.87667 32.22861),1
72.16611,32.12167,4.44804,POINT (72.16611 32.12167),1
71.86417,32.15972,1.6465,POINT (71.86417 32.15972),1
71.90111,32.16917,0.8368666666666668,POINT (71.90111 32.16917),1
71.95833,32.275,3.1631666666666667,POINT (71.95833 32.275),1
72.08778,32.27722,5.7887933334,POINT (72.08778 32.27722),1
71.8525,32.15778,3.7235,POINT (71.8525 32.15778),1
72.33972,32.33806,2.816370098,POINT (72.33972 32.33806),1
71.98056,32.25861,2.6326666666666667,POINT (71.98056 32.25861),1
72.1825,32.16917,2.6340583333333334,POINT (72.1825 32.16917),1
71.85722,32.31944,2.1934,POINT (71.85722 32.31944),1
71.81639,32.33389,5.4184555555,POINT (71.81639 32.33389),1
71.78806,32.35861,3.6590000000000003,POINT (71.78806 32.35861),1
72.19111,32.26028,1.4447016666666668,POINT (72.19111 32.26028),1
71.97611,32.13722,1.750280092611111,POINT (71.97611 32.13722),1
71.74361,32.34111,6.0708714285714285,POINT (71.74361 32.34111),1
71.8025,32.32417,3.059745238142857,POINT (71.8025 32.32417),1
71.89111,32.24389,2.331859523857143,POINT (71.89111 32.24389),1
71.91056,32.21944,1.6475785714285713,POINT (71.91056 32.21944),1
71.96167,32.21583,2.1498051470588235,POINT (71.96167 32.21583),1
71.84889,32.20806,2.023911111111111,POINT (71.84889 32.20806),1
72.25611,32.27861,1.7205877777999998,POINT (72.25611 32.27861),1
71.71667,32.27111,2.3268533334,POINT (71.71667 32.27111),1
71.84056,32.25611,3.126133333333333,POINT (71.84056 32.25611),1
72.04778,32.19278,3.046007142857143,POINT (72.04778 32.19278),1
72.355,32.29667,2.1887857142857143,POINT (72.355 32.29667),1
72.09028,32.26694,1.01,POINT (72.09028 32.26694),1
71.51806,32.20917,3.17249,POINT (71.51806 32.20917),1
72.23583,32.21972,1.3477000000000001,POINT (72.23583 32.21972),1
71.7025,32.38028,4.021733333333334,POINT (71.7025 32.38028),1
71.80028,32.30028,2.7304999999999997,POINT (71.80028 32.30028),1
71.97444,32.19806,1.106675,POINT (71.97444 32.19806),1
72.04583,32.19694,1.276875,POINT (72.04583 32.19694),1
72.185,32.17889,1.3517181818181818,POINT (72.185 32.17889),1
71.53944,32.40583,4.325223076923077,POINT (71.53944 32.40583),1
71.76167,32.27333,3.162372727272727,POINT (71.76167 32.27333),1
72.00111,32.29,2.1560437500000003,POINT (72.00111 32.29),1
71.53917,32.25833,4.32218,POINT (71.53917 32.25833),1
71.59167,32.34222,3.53335,POINT (71.59167 32.34222),1
71.64722,32.26778,2.97805,POINT (71.64722 32.26778),1
71.69472,32.22639,2.391676923076923,POINT (71.69472 32.22639),1
71.875,32.35306,1.25055,POINT (71.875 32.35306),1
71.58833,32.15333,3.43687,POINT (71.58833 32.15333),1
72.26333,31.97611,2.494275,POINT (72.26333 31.97611),1
72.31222,32.11,4.387433333333333,POINT (72.31222 32.11),1
71.57361,32.24667,1.418675,POINT (71.57361 32.24667),1
71.66,32.09,16.78552591304348,POINT (71.66 32.09),1
71.72583,32.08083,3.805225,POINT (71.72583 32.08083),1
71.81,32.22222,1.0054666666666667,POINT (71.81 32.22222),1
71.80194,31.94139,5.18572,POINT (71.80194 31.94139),1
71.53944,31.90972,2.7949249999999997,POINT (71.53944 31.90972),1
71.92722,31.81611,6.2358,POINT (71.92722 31.81611),1
71.99556,31.805,9.844075,POINT (71.99556 31.805),1
71.50639,31.82889,5.64994,POINT (71.50639 31.82889),1
71.65611,31.85917,3.97,POINT (71.65611 31.85917),1
71.84333,31.8575,4.801285714285714,POINT (71.84333 31.8575),1
71.67,30.87,12.886963862068965,POINT (71.67 30.87),1
73.254,29.994,8.325000000000001,POINT (73.254 29.994),1
72.987,30.674,54.832499999999996,POINT (72.987 30.674),0
73.017,30.713,40.22,POINT (73.017 30.713),0
73.221,30.761,47.292500000000004,POINT (73.221 30.761),0
73.092,30.686,37.5325,POINT (73.092 30.686),0
73.248,29.744,4.321666666666666,POINT (73.248 29.744),1
73.035,29.903,2.8383333333333334,POINT (73.035 29.903),1
73.206,30.053,10.193333333333333,POINT (73.206 30.053),1
73.166,29.96,14.698333333333332,POINT (73.166 29.96),1
73.028,29.838,3.72,POINT (73.028 29.838),1
72.36861,32.11056,4.019461904761904,POINT (72.36861 32.11056),1
72.28472,31.80389,4.755180952380952,POINT (72.28472 31.80389),1
72.37472,31.90389,4.215910526315789,POINT (72.37472 31.90389),1
72.25222,31.70611,5.565743181818181,POINT (72.25222 31.70611),1
72.20472,31.60694,7.909745454545455,POINT (72.20472 31.60694),1
72.19361,31.58972,7.0469,POINT (72.19361 31.58972),1
72.44139,31.88472,2.9333375,POINT (72.44139 31.88472),1
73.262,30.012,5.69,POINT (73.262 30.012),1
73.22833,32.33,3.740253846153846,POINT (73.22833 32.33),1
73.36111,32.27889,2.8509666666666664,POINT (73.36111 32.27889),1
73.39361,32.3975,5.9475,POINT (73.39361 32.3975),1
73.39722,32.34444,3.1897705882352945,POINT (73.39722 32.34444),1
73.3375,32.36861,7.1891,POINT (73.3375 32.36861),1
73.40167,32.33917,3.5797928571428574,POINT (73.40167 32.33917),1
73.30722,32.34111,6.892290476190476,POINT (73.30722 32.34111),1
73.27222,32.29389,2.7679473684210527,POINT (73.27222 32.29389),1
73.41194,32.44056,1.5480733333333334,POINT (73.41194 32.44056),1
73.198,29.997,24.176666666666666,POINT (73.198 29.997),0
73.24056,31.89278,6.6229,POINT (73.24056 31.89278),1
73.12167,31.86944,6.445166666666666,POINT (73.12167 31.86944),1
72.84306,31.76917,10.851799999999999,POINT (72.84306 31.76917),1
72.65611,31.69861,6.530566666666666,POINT (72.65611 31.69861),1
72.72306,31.88917,5.053,POINT (72.72306 31.88917),1
72.60667,31.79278,10.232766666666668,POINT (72.60667 31.79278),1
72.51889,31.65944,6.418499999999999,POINT (72.51889 31.65944),1
72.5025,31.62694,6.859266666666667,POINT (72.5025 31.62694),1
72.61667,32.32056,2.352,POINT (72.61667 32.32056),1
72.48722,31.72056,3.7094,POINT (72.48722 31.72056),1
73.209,29.993,12.373333333333333,POINT (73.209 29.993),1
72.58778,32.32306,2.7671,POINT (72.58778 32.32306),1
72.51,32.30111,5.96205,POINT (72.51 32.30111),1
72.54389,32.32278,2.4615400000000003,POINT (72.54389 32.32278),1
72.52167,31.98944,7.1057999999999995,POINT (72.52167 31.98944),1
72.55889,32.23528,5.5120000000000005,POINT (72.55889 32.23528),1
72.46028,32.23778,5.990233333333333,POINT (72.46028 32.23778),1
72.405,32.19583,4.806066666666667,POINT (72.405 32.19583),1
73.80444,32.44556,3.2368607842941177,POINT (73.80444 32.44556),1
73.234,29.948,5.053333333333334,POINT (73.234 29.948),1
73.43639,32.41222,4.2813944444444445,POINT (73.43639 32.41222),1
73.5775,32.32889,2.78125,POINT (73.5775 32.32889),1
73.43,32.36333,1.1205058823529412,POINT (73.43 32.36333),1
73.24917,32.26444,1.4033208333333336,POINT (73.24917 32.26444),1
73.30861,32.19944,3.847029411764706,POINT (73.30861 32.19944),1
73.32361,32.34278,2.23685,POINT (73.32361 32.34278),1
73.242,29.96,5.321666666666666,POINT (73.242 29.96),1
73.07944,32.47472,1.12775,POINT (73.07944 32.47472),1
73.49,32.45,16.656361762711864,POINT (73.49 32.45),1
73.18417,32.30861,2.5973966666666666,POINT (73.18417 32.30861),1
72.82833,32.41694,2.03892,POINT (72.82833 32.41694),1
73.20111,32.06444,3.3639333332999994,POINT (73.20111 32.06444),1
72.96306,32.25194,1.5792157894736842,POINT (72.96306 32.25194),1
73.08,32.27,10.4689064,POINT (73.08 32.27),1
73.0975,32.19417,5.39693968252381,POINT (73.0975 32.19417),1
72.98139,32.33917,1.8545047619047619,POINT (72.98139 32.33917),1
73.196,29.953,6.6933333333333325,POINT (73.196 29.953),1
73.33861,32.05833,4.058976470588235,POINT (73.33861 32.05833),1
72.70167,32.39083,1.6987833333333333,POINT (72.70167 32.39083),1
72.74611,32.35028,1.1408333333333334,POINT (72.74611 32.35028),1
72.77389,32.30833,1.2330733333333332,POINT (72.77389 32.30833),1
72.76972,32.29333,2.866645,POINT (72.76972 32.29333),1
72.93694,32.40444,2.856534090909091,POINT (72.93694 32.40444),1
72.59194,32.36944,1.2541928571428573,POINT (72.59194 32.36944),1
73.21944,31.89889,3.9045722221666668,POINT (73.21944 31.89889),1
72.62611,32.24556,2.501925,POINT (72.62611 32.24556),1
72.67139,32.18778,2.089564705882353,POINT (72.67139 32.18778),1
73.1,29.8,16.733333333333334,POINT (73.1 29.8),1
72.99611,31.82611,5.14292,POINT (72.99611 31.82611),1
72.37139,32.24694,2.5823650000000002,POINT (72.37139 32.24694),1
72.75,32.09,9.230772745762712,POINT (72.75 32.09),1
72.84056,31.90528,2.719791176470588,POINT (72.84056 31.90528),1
72.90556,31.89889,6.18566,POINT (72.90556 31.89889),1
72.97028,31.83778,5.52076,POINT (72.97028 31.83778),1
72.25361,31.83167,3.3449866666666663,POINT (72.25361 31.83167),1
72.315,32.18722,1.7373736842105263,POINT (72.315 32.18722),1
72.35306,32.26528,3.6649454545454545,POINT (72.35306 32.26528),1
72.43556,32.24139,3.643788095238095,POINT (72.43556 32.24139),1
73.251,30.016,7.9383333333333335,POINT (73.251 30.016),1
72.51,31.93,10.319863999999999,POINT (72.51 31.93),1
72.28,31.58,2.0086436923076922,POINT (72.28 31.58),1
72.14278,31.335,3.37775,POINT (72.14278 31.335),1
72.27833,31.33194,8.10046,POINT (72.27833 31.33194),1
72.57333,31.93556,1.9637666666666667,POINT (72.57333 31.93556),1
73.2575,32.25778,2.9674944444444447,POINT (73.2575 32.25778),1
73.3175,32.18833,3.4879116666500005,POINT (73.3175 32.18833),1
73.068,30.297,6.3999999999999995,POINT (73.068 30.297),1
73.15028,32.20028,4.462688888888889,POINT (73.15028 32.20028),1
73.03667,32.24139,2.853267592611111,POINT (73.03667 32.24139),1
73.10778,32.27194,2.180725,POINT (73.10778 32.27194),1
73.13028,32.29806,1.1836558823529413,POINT (73.13028 32.29806),1
73.0625,32.2775,1.8230611111111112,POINT (73.0625 32.2775),1
73.24972,32.2525,3.157725,POINT (73.24972 32.2525),1
73.22917,32.24167,3.7941368421052633,POINT (73.22917 32.24167),1
72.55389,31.76667,7.107108333333333,POINT (72.55389 31.76667),1
72.74389,31.74778,8.27288409090909,POINT (72.74389 31.74778),1
72.69,31.73667,7.6568736842105265,POINT (72.69 31.73667),1
73.311,29.933,17.708333333333332,POINT (73.311 29.933),1
72.69,31.77306,6.199111363636363,POINT (72.69 31.77306),1
72.64639,31.76917,5.291735714285714,POINT (72.64639 31.76917),1
72.65833,31.72167,5.959666666666666,POINT (72.65833 31.72167),1
72.60361,31.75167,6.241047222222223,POINT (72.60361 31.75167),1
72.54444,31.64278,4.8610125,POINT (72.54444 31.64278),1
72.53194,31.66194,4.131683333333333,POINT (72.53194 31.66194),1
72.8025,31.85694,7.332458823529413,POINT (72.8025 31.85694),1
72.76833,31.86083,6.0386444444444445,POINT (72.76833 31.86083),1
73.19833,31.91583,5.4250454545454545,POINT (73.19833 31.91583),1
73.02528,31.86806,4.1265149999999995,POINT (73.02528 31.86806),1
73.283,29.978,25.756666666666664,POINT (73.283 29.978),0
73.01,31.84167,4.519763636363636,POINT (73.01 31.84167),1
72.91694,31.84528,4.727024999999999,POINT (72.91694 31.84528),1
72.95833,31.80472,5.3573933333333335,POINT (72.95833 31.80472),1
72.92889,31.78639,6.133886666666667,POINT (72.92889 31.78639),1
72.91639,31.77222,6.043754545454546,POINT (72.91639 31.77222),1
72.89472,31.74889,6.2148,POINT (72.89472 31.74889),1
72.93861,32.22028,1.35125,POINT (72.93861 32.22028),1
72.61917,32.24194,2.6266933334,POINT (72.61917 32.24194),1
72.60944,32.21528,3.5909,POINT (72.60944 32.21528),1
72.59333,32.20667,3.01628,POINT (72.59333 32.20667),1
73.28,30.079,5.456666666666667,POINT (73.28 30.079),1
72.59111,32.18944,3.401566666666666,POINT (72.59111 32.18944),1
72.94,32.21611,2.402,POINT (72.94 32.21611),1
72.46722,32.13556,5.11901,POINT (72.46722 32.13556),1
72.63833,32.01694,3.7617800000000003,POINT (72.63833 32.01694),1
72.63361,32.01,3.98204,POINT (72.63361 32.01),1
72.62583,31.98889,3.978,POINT (72.62583 31.98889),1
72.63306,31.92972,5.077133333333333,POINT (72.63306 31.92972),1
72.67167,32.30972,3.5818666666666665,POINT (72.67167 32.30972),1
72.91028,32.20889,2.7403,POINT (72.91028 32.20889),1
72.88889,32.18528,0.9652,POINT (72.88889 32.18528),1
73.288,29.981,16.415000000000003,POINT (73.288 29.981),1
73.14722,32.19389,2.7832,POINT (73.14722 32.19389),1
72.97972,32.20972,3.403625,POINT (72.97972 32.20972),1
72.73056,32.255,2.2578,POINT (72.73056 32.255),1
72.78278,32.25417,2.2386749999999997,POINT (72.78278 32.25417),1
72.80417,32.0425,3.137025,POINT (72.80417 32.0425),1
72.82722,32.26722,3.5282,POINT (72.82722 32.26722),1
72.88139,32.13,2.7127,POINT (72.88139 32.13),1
72.89944,32.17972,2.876525,POINT (72.89944 32.17972),1
72.94472,32.26944,4.853125,POINT (72.94472 32.26944),1
72.93611,32.08083,0.9285375,POINT (72.93611 32.08083),1
73.329,30.031,8.48,POINT (73.329 30.031),1
72.83417,32.17222,2.3969666666666667,POINT (72.83417 32.17222),1
72.80556,32.2875,3.088425,POINT (72.80556 32.2875),1
72.79944,32.13667,1.85092,POINT (72.79944 32.13667),1
72.75806,32.31194,1.80898,POINT (72.75806 32.31194),1
72.72083,32.19889,2.356,POINT (72.72083 32.19889),1
72.69333,31.98583,2.74134,POINT (72.69333 31.98583),1
72.67278,31.98639,3.15482,POINT (72.67278 31.98639),1
72.65556,31.9725,3.34758,POINT (72.65556 31.9725),1
72.65861,32.00556,3.09298,POINT (72.65861 32.00556),1
72.63028,31.94611,3.9488099999999995,POINT (72.63028 31.94611),1
72.71056,31.97222,2.11726,POINT (72.71056 31.97222),1
72.72028,31.96472,3.3852800000000003,POINT (72.72028 31.96472),1
72.90611,31.95306,5.2817,POINT (72.90611 31.95306),1
72.89111,31.98944,4.943375,POINT (72.89111 31.98944),1
72.90944,31.97056,4.7872,POINT (72.90944 31.97056),1
72.73139,32.31028,2.2426500000000003,POINT (72.73139 32.31028),1
72.71,32.16306,3.59976,POINT (72.71 32.16306),1
72.72,32.32167,3.20817,POINT (72.72 32.32167),1
72.74278,32.22361,1.8438166666666664,POINT (72.74278 32.22361),1
72.75028,32.0075,2.84427,POINT (72.75028 32.0075),1
73.0785,29.7636,8.521649142857143,POINT (73.0785 29.7636),1
72.76694,31.99472,2.98324,POINT (72.76694 31.99472),1
72.83583,31.94333,1.8876300000000001,POINT (72.83583 31.94333),1
72.83528,31.96944,2.4348,POINT (72.83528 31.96944),1
72.71889,32.25639,2.21366,POINT (72.71889 32.25639),1
72.95361,32.28667,1.760225,POINT (72.95361 32.28667),1
73.22167,32.48778,3.3192500000000003,POINT (73.22167 32.48778),1
73.19306,32.43944,4.645608333333333,POINT (73.19306 32.43944),1
73.27083,32.43472,3.6576499999999994,POINT (73.27083 32.43472),1
73.04028,32.31917,1.26085,POINT (73.04028 32.31917),1
72.5785,29.0909,33.9758728,POINT (72.5785 29.0909),0
73.255,32.40306,4.6375,POINT (73.255 32.40306),1
73.13444,32.37472,2.43535,POINT (73.13444 32.37472),1
73.21944,32.38167,4.7503,POINT (73.21944 32.38167),1
73.2575,32.39278,5.170458333333333,POINT (73.2575 32.39278),1
73.26861,32.38722,4.45005,POINT (73.26861 32.38722),1
73.385,32.43389,3.7718666666666665,POINT (73.385 32.43389),1
73.39778,32.47194,4.20774,POINT (73.39778 32.47194),1
73.37389,32.45694,3.21869,POINT (73.37389 32.45694),1
73.30028,32.34861,1.9354599999999997,POINT (73.30028 32.34861),1
73.1525,32.325,3.4381,POINT (73.1525 32.325),1
73.27944,32.25639,5.0101375,POINT (73.27944 32.25639),1
72.76,32.32056,4.399444444499999,POINT (72.76 32.32056),1
73.14,32.34056,2.9052821428571427,POINT (73.14 32.34056),1
73.27583,32.40472,4.6033349999999995,POINT (73.27583 32.40472),1
73.29917,32.37,1.8968092592777777,POINT (73.29917 32.37),1
73.19167,32.34417,1.9206750000000001,POINT (73.19167 32.34417),1
73.09306,32.35028,1.29577583335,POINT (73.09306 32.35028),1
73.20889,32.33361,0.809923076923077,POINT (73.20889 32.33361),1
72.94083,32.30778,1.3612941176470588,POINT (72.94083 32.30778),1
72.91778,32.27194,1.6903947368421053,POINT (72.91778 32.27194),1
72.88611,32.35139,1.2354111110952382,POINT (72.88611 32.35139),1
72.79139,32.25694,2.290486666666667,POINT (72.79139 32.25694),1
72.5175,32.20444,3.9789000000000003,POINT (72.5175 32.20444),1
72.57861,32.21694,3.0511,POINT (72.57861 32.21694),1
72.92722,32.23694,1.15805,POINT (72.92722 32.23694),1
72.61889,32.08806,2.02615,POINT (72.61889 32.08806),1
72.5625,31.98583,6.4408125,POINT (72.5625 31.98583),1
73.10917,32.23694,3.6795999999999998,POINT (73.10917 32.23694),1
72.86028,32.25306,1.10547,POINT (72.86028 32.25306),1
72.60111,32.33389,2.3118,POINT (72.60111 32.33389),1
72.74417,32.33167,2.39245,POINT (72.74417 32.33167),1
72.56861,32.31389,3.1892,POINT (72.56861 32.31389),1
72.55167,32.30361,4.331925,POINT (72.55167 32.30361),1
72.95278,32.31333,1.8351285714285714,POINT (72.95278 32.31333),1
72.51917,32.28722,4.863475,POINT (72.51917 32.28722),1
72.875,32.41083,1.3153242424545455,POINT (72.875 32.41083),1
73.15583,32.37556,2.503711111095238,POINT (73.15583 32.37556),1
73.21083,32.37944,2.2920749999999996,POINT (73.21083 32.37944),1
73.8075,31.13583,6.53796,POINT (73.8075 31.13583),1
73.72028,32.46361,3.3452722222,POINT (73.72028 32.46361),1
73.68306,32.4425,2.6575925926111115,POINT (73.68306 32.4425),1
73.66222,32.43944,3.139209259277778,POINT (73.66222 32.43944),1
73.73639,32.41389,4.201369298263158,POINT (73.73639 32.41389),1
73.59306,32.385,3.72476,POINT (73.59306 32.385),1
73.89778,32.4525,3.9145438596315785,POINT (73.89778 32.4525),1
73.81389,32.42083,2.45703333335,POINT (73.81389 32.42083),1
73.56028,32.37389,3.596764705882353,POINT (73.56028 32.37389),1
73.50028,32.375,3.6788675,POINT (73.50028 32.375),1
71.89556,30.51722,8.294914285714286,POINT (71.89556 30.51722),1
73.39389,32.30083,3.964615,POINT (73.39389 32.30083),1
73.34278,32.30139,3.122247058823529,POINT (73.34278 32.30139),1
73.27833,32.21444,3.2879472222222224,POINT (73.27833 32.21444),1
73.35,32.25722,3.963705882352941,POINT (73.35 32.25722),1
73.27333,32.37944,4.288282499999999,POINT (73.27333 32.37944),1
72.40556,31.63583,4.91885,POINT (72.40556 31.63583),1
72.44222,31.70722,10.35787105263158,POINT (72.44222 31.70722),1
72.40306,31.565,6.284861904761905,POINT (72.40306 31.565),1
72.30472,31.45944,4.2153125000000005,POINT (72.30472 31.45944),1
71.97417,30.46806,10.45725257142857,POINT (71.97417 30.46806),1
72.28167,31.45389,4.835338095238096,POINT (72.28167 31.45389),1
72.215,31.3725,4.2584825,POINT (72.215 31.3725),1
72.27528,31.51417,7.833171875,POINT (72.27528 31.51417),1
72.25333,31.495,9.8,POINT (72.25333 31.495),1
72.2175,31.5175,7.9625900000000005,POINT (72.2175 31.5175),1
72.44389,31.65333,5.458164999999999,POINT (72.44389 31.65333),1
72.48111,31.64139,5.631004761904761,POINT (72.48111 31.64139),1
71.9575,30.59833,8.6444328,POINT (71.9575 30.59833),1
72.94944,32.20389,2.386864705882353,POINT (72.94944 32.20389),1
72.95889,32.30278,2.1320522727272726,POINT (72.95889 32.30278),1
72.84444,32.28528,1.7166458333333334,POINT (72.84444 32.28528),1
72.78833,31.93389,1.3921444444444444,POINT (72.78833 31.93389),1
72.88611,32.31722,1.3056764705882353,POINT (72.88611 32.31722),1
73.00333,32.20639,2.0119644444666664,POINT (73.00333 32.20639),1
73.06611,32.17139,3.3957142857142855,POINT (73.06611 32.17139),1
71.91833,30.60444,9.627412799999998,POINT (71.91833 30.60444),1
72.80583,32.23611,0.33847352941176473,POINT (72.80583 32.23611),1
72.81833,32.21,1.1459266666666668,POINT (72.81833 32.21),1
72.84611,32.18556,1.1326714285714286,POINT (72.84611 32.18556),1
72.89861,32.26333,3.172825,POINT (72.89861 32.26333),1
72.80972,32.18472,1.373197435923077,POINT (72.80972 32.18472),1
72.90972,32.27778,1.6610866666666666,POINT (72.90972 32.27778),1
72.77722,32.31528,1.5329157894736842,POINT (72.77722 32.31528),1
72.86778,32.34139,1.82836875,POINT (72.86778 32.34139),1
72.85972,32.23417,2.451670588235294,POINT (72.85972 32.23417),1
72.89306,32.11667,1.7713333333333334,POINT (72.89306 32.11667),1
73.56583,31.15278,4.392402461538461,POINT (73.56583 31.15278),1
72.82306,32.23472,1.8623764705882353,POINT (72.82306 32.23472),1
72.77083,32.22167,2.582679166666667,POINT (72.77083 32.22167),1
72.76694,32.14111,2.394396153846154,POINT (72.76694 32.14111),1
72.79472,32.01,2.1897857142857142,POINT (72.79472 32.01),1
72.90194,32.36972,1.2835194444444444,POINT (72.90194 32.36972),1
72.66528,32.38056,2.0418105263157895,POINT (72.66528 32.38056),1
72.67194,32.29917,1.1049923076923078,POINT (72.67194 32.29917),1
72.71056,32.21889,1.6050777777777778,POINT (72.71056 32.21889),1
72.63917,32.31083,1.4153666666666667,POINT (72.63917 32.31083),1
72.65667,32.26722,2.26396,POINT (72.65667 32.26722),1
73.63389,30.96639,2.06759175,POINT (73.63389 30.96639),1
72.70972,32.23639,3.7665583333333337,POINT (72.70972 32.23639),1
72.51667,32.32139,1.5279382352941175,POINT (72.51667 32.32139),1
72.57583,32.29361,0.9446071428571429,POINT (72.57583 32.29361),1
72.60583,32.25139,1.3219866666666666,POINT (72.60583 32.25139),1
72.6425,32.23167,3.8342842105263157,POINT (72.6425 32.23167),1
72.6425,32.28417,1.5552764705882354,POINT (72.6425 32.28417),1
72.49056,32.31278,3.0021475000000004,POINT (72.49056 32.31278),1
72.56306,31.90917,3.6616428571428568,POINT (72.56306 31.90917),1
72.59333,32.26944,2.881673076923077,POINT (72.59333 32.26944),1
72.63833,32.27667,3.451733333333333,POINT (72.63833 32.27667),1
71.69917,30.42528,7.134536727272728,POINT (71.69917 30.42528),1
72.73583,31.80694,2.306717857142857,POINT (72.73583 31.80694),1
72.40972,32.205,2.6565666666666665,POINT (72.40972 32.205),1
72.48833,32.27139,1.8797187499999999,POINT (72.48833 32.27139),1
72.62167,32.12472,4.228831578947369,POINT (72.62167 32.12472),1
72.68528,31.96472,3.781025,POINT (72.68528 31.96472),1
72.63139,31.97583,2.8909,POINT (72.63139 31.97583),1
72.39,32.2175,3.87221,POINT (72.39 32.2175),1
72.96,32.43611,0.5898529411764706,POINT (72.96 32.43611),1
72.54778,31.9975,5.198536842105263,POINT (72.54778 31.9975),1
72.56778,31.95694,4.30531,POINT (72.56778 31.95694),1
71.81583,30.37611,11.6603145,POINT (71.81583 30.37611),1
72.50556,31.96806,6.306763636363636,POINT (72.50556 31.96806),1
72.50083,31.92528,5.1370675,POINT (72.50083 31.92528),1
72.56556,31.84583,3.9731738095238094,POINT (72.56556 31.84583),1
72.6225,31.85222,5.980306818181819,POINT (72.6225 31.85222),1
72.98722,32.43333,2.974230952357143,POINT (72.98722 32.43333),1
72.62806,31.8,7.965941666666667,POINT (72.62806 31.8),1
72.39,31.94028,3.904533333333333,POINT (72.39 31.94028),1
72.4875,31.83417,6.428349999999999,POINT (72.4875 31.83417),1
72.55889,31.78806,6.536053333333333,POINT (72.55889 31.78806),1
72.30861,31.91806,2.7417526315789473,POINT (72.30861 31.91806),1
73.24194,30.79139,7.9821024,POINT (73.24194 30.79139),1
72.38667,31.87139,4.1962,POINT (72.38667 31.87139),1
72.50472,31.8175,5.49548,POINT (72.50472 31.8175),1
72.30472,31.85083,4.355158333333333,POINT (72.30472 31.85083),1
72.39611,31.82222,3.5278309523571427,POINT (72.39611 31.82222),1
72.44056,31.74194,4.025286363636363,POINT (72.44056 31.74194),1
72.48333,31.75417,8.528305,POINT (72.48333 31.75417),1
72.34944,31.72528,4.0813263157894735,POINT (72.34944 31.72528),1
72.38639,31.70722,3.76229375,POINT (72.38639 31.70722),1
72.32611,31.68556,4.77865,POINT (72.32611 31.68556),1
72.37083,31.67389,3.79323,POINT (72.37083 31.67389),1
73.275,30.75333,6.741033,POINT (73.275 30.75333),1
72.22306,31.71556,3.3538187500000003,POINT (72.22306 31.71556),1
73.06,32.4025,3.1302447916875,POINT (73.06 32.4025),1
72.19528,31.67444,2.1543300000000003,POINT (72.19528 31.67444),1
72.20083,31.65611,5.567426923076923,POINT (72.20083 31.65611),1
72.39778,31.58889,2.9174714285714285,POINT (72.39778 31.58889),1
73.27417,32.37556,1.352025,POINT (73.27417 32.37556),1
72.20722,31.45111,5.77242,POINT (72.20722 31.45111),1
72.405,31.41944,4.396999999999999,POINT (72.405 31.41944),1
72.26139,31.31222,4.040594117647059,POINT (72.26139 31.31222),1
72.17417,31.27417,2.8526823529411764,POINT (72.17417 31.27417),1
73.19167,30.66944,8.1231232,POINT (73.19167 30.66944),1
73.18944,32.36528,0.8439357142857143,POINT (73.18944 32.36528),1
73.1975,32.48694,2.3446,POINT (73.1975 32.48694),1
73.17833,32.49889,3.6420196078235296,POINT (73.17833 32.49889),1
73.18444,32.47556,2.1641733333333333,POINT (73.18444 32.47556),1
72.72833,32.28806,3.411216666666667,POINT (72.72833 32.28806),1
73.07083,32.45361,2.3260083333333337,POINT (73.07083 32.45361),1
73.24583,32.40889,2.3790157894736845,POINT (73.24583 32.40889),1
73.10722,32.41667,2.91861916665,POINT (73.10722 32.41667),1
73.24556,30.61861,8.495961333333332,POINT (73.24556 30.61861),1
72.97333,32.44639,1.6152870370555557,POINT (72.97333 32.44639),1
72.73333,32.24028,2.36453125,POINT (72.73333 32.24028),1
72.80194,32.32194,2.3391333333333333,POINT (72.80194 32.32194),1
72.83556,32.25056,1.1784079365238096,POINT (72.83556 32.25056),1
73.29611,32.14083,3.05293,POINT (73.29611 32.14083),1
72.82861,31.98611,1.6620588235294118,POINT (72.82861 31.98611),1
73.24361,32.22583,4.395186842105264,POINT (73.24361 32.22583),1
72.72417,32.31083,0.8207285714285714,POINT (72.72417 32.31083),1
72.77167,32.28167,2.716525,POINT (72.77167 32.28167),1
73.27278,32.33583,5.421977272727273,POINT (73.27278 32.33583),1
73.30825,30.90345,2.102110473,POINT (73.30825 30.90345),1
73.25167,32.43722,2.1185722222222223,POINT (73.25167 32.43722),1
73.36083,32.31944,2.97603,POINT (73.36083 32.31944),1
72.80611,32.28806,1.531925,POINT (72.80611 32.28806),1
73.29,32.48972,1.2881222222222222,POINT (73.29 32.48972),1
73.36806,32.41556,2.105376315789474,POINT (73.36806 32.41556),1
73.42889,32.39278,6.767100000000001,POINT (73.42889 32.39278),1
73.45694,32.35083,3.1597944444444446,POINT (73.45694 32.35083),1
72.825,32.36889,1.0332315789473683,POINT (72.825 32.36889),1
73.36417,30.81898,2.075521449,POINT (73.36417 30.81898),1
73.52,32.45944,4.127038461538461,POINT (73.52 32.45944),1
73.65083,32.34639,0.48825,POINT (73.65083 32.34639),1
73.76333,32.38833,2.8340842105263158,POINT (73.76333 32.38833),1
73.76306,32.5,3.389876470588235,POINT (73.76306 32.5),1
73.84389,32.42472,2.648790740722222,POINT (73.84389 32.42472),1
73.28333,30.79306,5.064252,POINT (73.28333 30.79306),1
73.90806,32.42556,2.3835809523571427,POINT (73.90806 32.42556),1
73.31861,32.28611,3.0743958333333334,POINT (73.31861 32.28611),1
73.30167,32.25583,2.2972944444444447,POINT (73.30167 32.25583),1
73.16694,32.22806,3.060625,POINT (73.16694 32.22806),1
71.666,32.31,3.6120000000000005,POINT (71.666 32.31),1
73.18694,30.85333,5.3707665,POINT (73.18694 30.85333),1
71.536,32.424,7.348000000000001,POINT (71.536 32.424),1
73.29,30.72639,4.401312,POINT (73.29 30.72639),1
73.30583,30.68667,7.776972,POINT (73.30583 30.68667),1
71.55556,30.32944,11.4129312,POINT (71.55556 30.32944),1
71.71556,30.27667,13.765784000000002,POINT (71.71556 30.27667),1
73.80361,30.7925,1.3121666666666665,POINT (73.80361 30.7925),1
73.89306,30.63,2.730655882352941,POINT (73.89306 30.63),1
73.98611,30.89056,1.2344583333333334,POINT (73.98611 30.89056),1
73.26778,30.93667,3.797808,POINT (73.26778 30.93667),1
73.8675,30.89833,1.8427,POINT (73.8675 30.89833),1
73.87639,30.86028,1.1641625,POINT (73.87639 30.86028),1
73.92139,30.81139,1.362923076923077,POINT (73.92139 30.81139),1
73.585,30.66472,6.259075,POINT (73.585 30.66472),1
73.60417,30.69972,2.3915044444444447,POINT (73.60417 30.69972),1
73.65611,30.58361,3.1195,POINT (73.65611 30.58361),1
73.50222,30.66528,3.4776124999999998,POINT (73.50222 30.66528),1
73.29139,30.89056,5.969956235294117,POINT (73.29139 30.89056),1
73.59139,30.56833,2.6953694444444443,POINT (73.59139 30.56833),1
73.47778,30.48417,2.7767115384615386,POINT (73.47778 30.48417),1
73.32111,30.51556,2.7332,POINT (73.32111 30.51556),1
71.85806,29.54222,2.10804,POINT (71.85806 29.54222),1
73.33111,30.84,9.189974,POINT (73.33111 30.84),1
73.20722,31.51444,1.4838714285714285,POINT (73.20722 31.51444),1
73.42306,30.70083,7.8840330000000005,POINT (73.42306 30.70083),1
73.33556,31.50889,1.28964,POINT (73.33556 31.50889),1
71.63194,30.26222,13.601700000000001,POINT (71.63194 30.26222),1
71.55556,30.275,7.743952,POINT (71.55556 30.275),1
73.17056,31.57472,2.53941,POINT (73.17056 31.57472),1
71.73,30.2475,8.830056,POINT (71.73 30.2475),1
73.22861,31.45083,2.20035,POINT (73.22861 31.45083),1
71.80333,30.41333,11.606784,POINT (71.80333 30.41333),1
73.20639,31.30278,1.73704,POINT (73.20639 31.30278),1
73.19278,31.26944,1.25792,POINT (73.19278 31.26944),1
73.31833,31.25917,1.8503999999999998,POINT (73.31833 31.25917),1
73.27917,31.5,1.0840666666666667,POINT (73.27917 31.5),1
73.18667,31.23361,2.29666,POINT (73.18667 31.23361),1
73.27389,32.38306,1.9710333333333334,POINT (73.27389 32.38306),1
73.14028,31.16278,2.1534,POINT (73.14028 31.16278),1
72.71333,31.1675,1.83136,POINT (72.71333 31.1675),1
72.85722,31.31611,0.9476666666666667,POINT (72.85722 31.31611),1
72.99556,31.20361,2.3093600000000003,POINT (72.99556 31.20361),1
71.53972,30.40972,6.4565784,POINT (71.53972 30.40972),1
72.76528,31.25,1.39474,POINT (72.76528 31.25),1
72.78972,31.14278,0.95014,POINT (72.78972 31.14278),1
72.82028,31.15917,1.033907142857143,POINT (72.82028 31.15917),1
72.9025,31.18917,2.64364,POINT (72.9025 31.18917),1
72.23111,30.85778,1.4503,POINT (72.23111 30.85778),1
72.20278,30.95639,3.94025,POINT (72.20278 30.95639),1
72.2025,30.98611,3.50002,POINT (72.2025 30.98611),1
73.14454,30.53095,1.519446904,POINT (73.14454 30.53095),1
72.85167,32.37889,12.352500000000001,POINT (72.85167 32.37889),1
72.26583,31.62444,2.667,POINT (72.26583 31.62444),1
72.89861,30.63833,8.8862916,POINT (72.89861 30.63833),1
72.90917,30.58444,6.968974909090909,POINT (72.90917 30.58444),1
73.43479429719568,30.587080488958723,91.51587519468295,POINT (73.43479429719568 30.587080488958723),0
73.24363060053217,29.411959996683787,98.53734109820536,POINT (73.24363060053217 29.411959996683787),0
73.40280469616792,31.770671823119663,47.68681796053275,POINT (73.40280469616792 31.770671823119663),0
72.62716330098733,30.354987544411294,95.60589933091612,POINT (72.62716330098733 30.354987544411294),0
73.11008733972133,31.895776615801587,66.60485192963986,POINT (73.11008733972133 31.895776615801587),0
72.07018784957481,30.981534997415682,43.82903536625052,POINT (72.07018784957481 30.981534997415682),0
73.56876740529349,31.24430710304703,85.48526440512242,POINT (73.56876740529349 31.24430710304703),0
72.38789681645216,32.400106634964665,93.58726727933185,POINT (72.38789681645216 32.400106634964665),0
73.44584520869611,29.754442818938145,68.00326022362205,POINT (73.44584520869611 29.754442818938145),0
71.61233419940493,29.61688830740748,80.98293719454728,POINT (71.61233419940493 29.61688830740748),0
73.3619263411459,32.38923742884147,59.549521488289116,POINT (73.3619263411459 32.38923742884147),0
72.42766742626303,30.691662716220357,51.368281545057144,POINT (72.42766742626303 30.691662716220357),0
71.82728407731733,30.712625663996832,53.61456094305305,POINT (71.82728407731733 30.712625663996832),0
73.17485573072754,30.581194606627662,89.96069176347024,POINT (73.17485573072754 30.581194606627662),0
73.25086169459762,30.155789117135516,89.93558808371206,POINT (73.25086169459762 30.155789117135516),0
73.51169183631201,30.411852541951767,57.29968623581465,POINT (73.51169183631201 30.411852541951767),0
73.20650877792154,29.5673301918725,51.994492148506495,POINT (73.20650877792154 29.5673301918725),0
71.52137622529851,31.77360389534254,79.89105139552193,POINT (71.52137622529851 31.77360389534254),0
73.26309278505133,31.75248333965699,67.5349465323004,POINT (73.26309278505133 31.75248333965699),0
72.92257802509842,29.567481946317,46.871804412158404,POINT (72.92257802509842 29.567481946317),0
73.17133379262901,30.696914076362553,73.91416638887134,POINT (73.17133379262901 30.696914076362553),0
73.4124371481104,31.254718224714015,73.21476403947975,POINT (73.4124371481104 31.254718224714015),0
72.89878107322055,30.127096279305253,41.849070074076366,POINT (72.89878107322055 30.127096279305253),0
72.59304660352397,29.82244060810906,64.51171862347817,POINT (72.59304660352397 29.82244060810906),0
73.63309407087733,29.888423101263534,43.498164501343965,POINT (73.63309407087733 29.888423101263534),0
72.20533419448691,30.091790479602402,79.7149908836137,POINT (72.20533419448691 30.091790479602402),0
72.89335225224383,31.763287384664675,79.85881241964324,POINT (72.89335225224383 31.763287384664675),0
72.51734160615442,31.86597689336498,50.01837519446224,POINT (72.51734160615442 31.86597689336498),0
71.55968933454211,29.39788216217024,83.34156103578701,POINT (71.55968933454211 29.39788216217024),0
72.65584556670746,29.640691621903454,70.06268650620181,POINT (72.65584556670746 29.640691621903454),0
71.88317100837207,31.46472579067751,66.76937653444185,POINT (71.88317100837207 31.46472579067751),0
72.45402898033682,30.118784863114026,77.81695558713331,POINT (72.45402898033682 30.118784863114026),0
72.40608427594125,29.38970733994052,47.08035412723092,POINT (72.40608427594125 29.38970733994052),0
73.90389657071559,32.1883424326913,81.98242802864497,POINT (73.90389657071559 32.1883424326913),0
72.16661142380296,32.394919188016125,86.72505423794767,POINT (72.16661142380296 32.394919188016125),0
73.29235791214084,30.62281829695839,56.33449371070954,POINT (73.29235791214084 30.62281829695839),0
71.74359184153514,32.167961830057614,67.34657739001666,POINT (71.74359184153514 32.167961830057614),0
72.00809895852889,30.13393672739199,74.75317413651376,POINT (72.00809895852889 30.13393672739199),0
71.94422486621632,32.01118375589932,85.5111717901126,POINT (71.94422486621632 32.01118375589932),0
73.29877953805354,30.56394838189731,77.63853044214659,POINT (73.29877953805354 30.56394838189731),0
72.96090853040619,31.306292049360536,45.066659268393344,POINT (72.96090853040619 31.306292049360536),0
72.54085527581783,29.232766880112578,69.63944915467114,POINT (72.54085527581783 29.232766880112578),0
72.32633358598262,29.58359741226324,46.2041780633531,POINT (72.32633358598262 29.58359741226324),0
72.96976085215556,29.6724684890391,95.50720710260782,POINT (72.96976085215556 29.6724684890391),0
72.95332860469219,30.273413850639713,75.454929488885,POINT (72.95332860469219 30.273413850639713),0
71.55991846209012,32.358724213861414,68.93820621657402,POINT (71.55991846209012 32.358724213861414),0
73.45670712721672,29.372934842735585,69.19949985028961,POINT (73.45670712721672 29.372934842735585),0
72.72780465790888,32.288044167655215,74.30368314256452,POINT (72.72780465790888 32.288044167655215),0
72.68482954503816,30.001046733046575,59.89413984055313,POINT (72.68482954503816 30.001046733046575),0
72.80259831656896,30.587193059325934,41.29672479281982,POINT (72.80259831656896 30.587193059325934),0
73.56542464278911,32.14600168727895,48.41494533991664,POINT (73.56542464278911 32.14600168727895),0
72.88587421427347,29.461045559104843,80.33440558238871,POINT (72.88587421427347 29.461045559104843),0
72.20495952446217,31.338937703928163,83.61967685721297,POINT (72.20495952446217 31.338937703928163),0
73.42154413982647,29.45819965885825,94.96071070825647,POINT (73.42154413982647 29.45819965885825),0
72.07761412127363,29.218443145260217,73.291148163489,POINT (72.07761412127363 29.218443145260217),0
72.42882202052064,31.91973621331271,88.49508832385811,POINT (72.42882202052064 31.91973621331271),0
72.2945786764855,32.33942932773227,57.455070288407114,POINT (72.2945786764855 32.33942932773227),0
72.78858259456236,29.963510590254014,96.1626142029378,POINT (72.78858259456236 29.963510590254014),0
71.91386111268471,29.24400479257039,66.10582360018228,POINT (71.91386111268471 29.24400479257039),0
73.97996940788336,32.13071696838963,84.91648116741695,POINT (73.97996940788336 32.13071696838963),0
73.72641805723279,32.13674893939398,71.13150162318695,POINT (73.72641805723279 32.13674893939398),0
72.29155891336966,31.72276758230957,79.69967579006567,POINT (72.29155891336966 31.72276758230957),0
72.43564969126878,29.412946318088512,84.80737668094156,POINT (72.43564969126878 29.412946318088512),0
72.15810144774346,32.284589711484706,54.458234500341085,POINT (72.15810144774346 32.284589711484706),0
71.80940379929906,31.924246210541018,49.19705899746964,POINT (71.80940379929906 31.924246210541018),0
71.95045369716172,31.134255874573707,92.47372245024786,POINT (71.95045369716172 31.134255874573707),0
71.99330092562357,30.148824433283714,86.64429029447065,POINT (71.99330092562357 30.148824433283714),0
73.92867875944818,30.797976777882404,48.633850153075045,POINT (73.92867875944818 30.797976777882404),0
71.53778497411967,29.873820371869098,47.90933306719126,POINT (71.53778497411967 29.873820371869098),0
73.1944360493377,29.506239191529126,70.37979589723798,POINT (73.1944360493377 29.506239191529126),0
73.23587903936465,31.071984632494978,51.986539099603455,POINT (73.23587903936465 31.071984632494978),0
73.51009481735092,31.52979444557323,84.3390402349325,POINT (73.51009481735092 31.52979444557323),0
71.83012014788706,29.51278909202439,95.65375306039046,POINT (71.83012014788706 29.51278909202439),0
72.49535517178705,30.1168641851504,69.315042721092,POINT (72.49535517178705 30.1168641851504),0
73.1575090750579,32.348715245598825,57.186773612923304,POINT (73.1575090750579 32.348715245598825),0
73.81132183956282,29.17564849208489,73.31188253960948,POINT (73.81132183956282 29.17564849208489),0
73.08540187875599,29.451914839126694,48.42037582383476,POINT (73.08540187875599 29.451914839126694),0
72.54910934101349,32.38488121168732,75.76255319406238,POINT (72.54910934101349 32.38488121168732),0
73.83182596111412,31.83304679741618,68.0428960933175,POINT (73.83182596111412 31.83304679741618),0
73.46176956933346,29.15170738025595,46.5486398059441,POINT (73.46176956933346 29.15170738025595),0
73.5732538227473,31.807329135809308,53.958444517986024,POINT (73.5732538227473 31.807329135809308),0
72.82780089813524,31.15686853434841,92.06433722656067,POINT (72.82780089813524 31.15686853434841),0
73.00835546471745,30.497397736810903,62.45104260443097,POINT (73.00835546471745 30.497397736810903),0
72.56600168758828,31.31339805930469,92.04943790513948,POINT (72.56600168758828 31.31339805930469),0
72.63592661766245,29.935809854057474,54.19974177985487,POINT (72.63592661766245 29.935809854057474),0
73.36505164348763,31.874664571388454,46.316684791247496,POINT (73.36505164348763 31.874664571388454),0
71.66913090696012,31.11738380311212,48.7703946515619,POINT (71.66913090696012 31.11738380311212),0
73.56136181937903,30.148861936874564,48.63231597826856,POINT (73.56136181937903 30.148861936874564),0
73.80174229932867,29.65521419597684,57.08320494027613,POINT (73.80174229932867 29.65521419597684),0
71.88641903439938,29.484617176041564,41.2688809801864,POINT (71.88641903439938 29.484617176041564),0
71.641266941274,29.686270238567417,43.20291595763052,POINT (71.641266941274 29.686270238567417),0
72.97849496501298,31.411523893312197,63.617827409921695,POINT (72.97849496501298 31.411523893312197),0
72.29670577799232,30.810880394632484,92.50029653407651,POINT (72.29670577799232 30.810880394632484),0
73.62742454054822,29.23911083390781,50.88990457579145,POINT (73.62742454054822 29.23911083390781),0
72.09391519827658,29.941087184769593,74.27395910456636,POINT (72.09391519827658 29.941087184769593),0
72.54199101455517,29.25881222024516,62.4168483075743,POINT (72.54199101455517 29.25881222024516),0
72.81028735999922,29.43750968418906,90.00751322731358,POINT (72.81028735999922 29.43750968418906),0
71.6326968186969,32.243778415669475,45.94678849479253,POINT (71.6326968186969 32.243778415669475),0
73.60856307918799,32.16813483296364,98.77424083519557,POINT (73.60856307918799 32.16813483296364),0
73.50485659716288,31.748216884243536,78.54899655973286,POINT (73.50485659716288 31.748216884243536),0
73.447374901027,29.54960193370126,72.16408215685823,POINT (73.447374901027 29.54960193370126),0
72.78650028399527,32.01444919652821,67.76796193561096,POINT (72.78650028399527 32.01444919652821),0
72.46418338226648,31.271235147974433,55.98779905005077,POINT (72.46418338226648 31.271235147974433),0
71.85186195374108,30.720031414874352,65.0133621156931,POINT (71.85186195374108 30.720031414874352),0
72.08349457156007,30.343784511863483,61.98354698957485,POINT (72.08349457156007 30.343784511863483),0
72.32042892877371,30.384530994197075,81.14460072735673,POINT (72.32042892877371 30.384530994197075),0
72.24400368052993,32.325651557965266,94.98088117229068,POINT (72.24400368052993 32.325651557965266),0
72.703352429037,30.210316183981487,72.12608738980019,POINT (72.703352429037 30.210316183981487),0
73.62100697997896,31.315635502703444,88.26350967682464,POINT (73.62100697997896 31.315635502703444),0
72.83267480106008,31.248579489936247,57.289336850947706,POINT (72.83267480106008 31.248579489936247),0
73.33729333312648,29.780917498424888,81.68788772910989,POINT (73.33729333312648 29.780917498424888),0
73.65135479454143,29.541251782644693,76.86278443251518,POINT (73.65135479454143 29.541251782644693),0
71.74035898758191,31.56493714834012,45.06959312941122,POINT (71.74035898758191 31.56493714834012),0
73.83910579746076,29.55933737429187,97.53281475454483,POINT (73.83910579746076 29.55933737429187),0
73.5020069035084,31.11482132142625,86.95744627777282,POINT (73.5020069035084 31.11482132142625),0
73.48760663810178,32.31600085985056,55.203001230351234,POINT (73.48760663810178 32.31600085985056),0
72.97582943481434,29.4149322194168,76.96994200144728,POINT (72.97582943481434 29.4149322194168),0
71.9305430950156,31.0168731295707,74.34583084203098,POINT (71.9305430950156 31.0168731295707),0
72.66609894184114,30.872603985901787,85.83540340039528,POINT (72.66609894184114 30.872603985901787),0
73.49791481241411,30.768699527218196,75.97560649135673,POINT (73.49791481241411 30.768699527218196),0
73.8273656442825,29.49908377655918,47.02621395400663,POINT (73.8273656442825 29.49908377655918),0
71.72192169372927,31.333621725031662,65.11649804742277,POINT (71.72192169372927 31.333621725031662),0
73.43570625469003,31.379195011110323,60.018265499694294,POINT (73.43570625469003 31.379195011110323),0
73.74532290221438,31.690448342578563,56.23209645461054,POINT (73.74532290221438 31.690448342578563),0
72.41202327635905,30.162857336514353,49.45669891749998,POINT (72.41202327635905 30.162857336514353),0
71.87186729786531,32.28225213539425,66.2742422319252,POINT (71.87186729786531 32.28225213539425),0
72.45976627765242,31.57847154945205,73.17958391517399,POINT (72.45976627765242 31.57847154945205),0
73.8396054071488,31.751025822886508,68.76217384747243,POINT (73.8396054071488 31.751025822886508),0
72.44239324580813,32.4544255998015,83.06561416021862,POINT (72.44239324580813 32.4544255998015),0
73.87718187136959,29.494805317590618,91.03202075144696,POINT (73.87718187136959 29.494805317590618),0
73.09313641444206,29.506543193612234,75.29547999815324,POINT (73.09313641444206 29.506543193612234),0
73.2154965273032,29.132841086462836,67.2590777105048,POINT (73.2154965273032 29.132841086462836),0
73.56319717994602,30.097808453300537,67.51288490791306,POINT (73.56319717994602 30.097808453300537),0
72.60701606116146,30.1202006701666,95.10651373093324,POINT (72.60701606116146 30.1202006701666),0
73.45310991243706,29.467906951926842,99.82207947025438,POINT (73.45310991243706 29.467906951926842),0
73.69748326067213,30.058772255522296,90.2137947796563,POINT (73.69748326067213 30.058772255522296),0
71.76862315155097,32.49694793665973,79.94108416639222,POINT (71.76862315155097 32.49694793665973),0
73.12571203883475,29.399221482361607,93.82200393379752,POINT (73.12571203883475 29.399221482361607),0
71.57538275999836,29.911906932668074,48.5813125099981,POINT (71.57538275999836 29.911906932668074),0
73.44181277996778,29.766598030991492,94.63829362785312,POINT (73.44181277996778 29.766598030991492),0
73.14104752216141,29.21418229634747,40.32579004772203,POINT (73.14104752216141 29.21418229634747),0
71.63193816086795,31.15655952311887,88.0889086515649,POINT (71.63193816086795 31.15655952311887),0
72.09842784028596,31.98661968640905,43.433916409195625,POINT (72.09842784028596 31.98661968640905),0
73.50220577868961,32.25384740100032,86.32650394626283,POINT (73.50220577868961 32.25384740100032),0
73.24550947681068,31.947658363418068,42.40907797282399,POINT (73.24550947681068 31.947658363418068),0
72.00664814835476,29.51677731512087,70.27185941157919,POINT (72.00664814835476 29.51677731512087),0
73.36298956830879,31.2386733793454,91.06786598571611,POINT (73.36298956830879 31.2386733793454),0
71.89041162913296,31.59529676451616,51.58248945213425,POINT (71.89041162913296 31.59529676451616),0
72.17881384328923,31.511036103501695,98.8122870939209,POINT (72.17881384328923 31.511036103501695),0
73.02941284051876,29.276697023836828,76.97853819565196,POINT (73.02941284051876 29.276697023836828),0
71.6087069767441,32.105041144620614,82.57469710603723,POINT (71.6087069767441 32.105041144620614),0
71.93512710467057,29.403586080955275,51.011993732819136,POINT (71.93512710467057 29.403586080955275),0
73.94914784016726,30.65417908620524,87.04485690048448,POINT (73.94914784016726 30.65417908620524),0
73.091475221901,31.042313669523992,48.70781527990298,POINT (73.091475221901 31.042313669523992),0
73.864277036081,30.118207168505926,74.68103294845253,POINT (73.864277036081 30.118207168505926),0
73.24964075769431,31.304200749546784,96.4356645817311,POINT (73.24964075769431 31.304200749546784),0
71.87350371884047,30.82392532063947,64.24206344444596,POINT (71.87350371884047 30.82392532063947),0
72.68652514878862,29.497324468560734,48.04567659236592,POINT (72.68652514878862 29.497324468560734),0
72.19707656227001,30.12966846468105,65.674192820881,POINT (72.19707656227001 30.12966846468105),0
73.02802491740343,31.2544141241906,64.70865379513421,POINT (73.02802491740343 31.2544141241906),0
72.52332264113403,29.832817410362615,75.2983749045405,POINT (72.52332264113403 29.832817410362615),0
72.29433411464782,29.213831581034963,65.10400264941163,POINT (72.29433411464782 29.213831581034963),0
72.68643515702506,29.859968646994975,74.34747598732693,POINT (72.68643515702506 29.859968646994975),0
72.91516666347808,31.48409563562337,78.87690893207261,POINT (72.91516666347808 31.48409563562337),0
73.13147290907649,30.168905664983345,87.24593331915723,POINT (73.13147290907649 30.168905664983345),0
72.87366438146479,30.561647769187765,77.56074885646342,POINT (72.87366438146479 30.561647769187765),0
72.40320070678783,30.8388793587889,84.20234130893321,POINT (72.40320070678783 30.8388793587889),0
73.71546160526238,32.23087609129904,70.21797551098595,POINT (73.71546160526238 32.23087609129904),0
72.80160668639246,31.817738217334995,58.86704150465208,POINT (72.80160668639246 31.817738217334995),0
73.59310637641329,30.775478287142548,46.951403460116104,POINT (73.59310637641329 30.775478287142548),0
71.68285963109406,31.961339055754635,43.334075014412676,POINT (71.68285963109406 31.961339055754635),0
72.20340614458961,30.22998272107382,50.37966671149563,POINT (72.20340614458961 30.22998272107382),0
72.28647785102577,31.62281322922249,40.88097061360425,POINT (72.28647785102577 31.62281322922249),0
73.56762486760363,32.010957867168024,62.33569439149289,POINT (73.56762486760363 32.010957867168024),0
71.88641779605534,31.139225034725577,47.18035335189366,POINT (71.88641779605534 31.139225034725577),0
72.41383872525131,32.3582809206095,99.72786835501823,POINT (72.41383872525131 32.3582809206095),0
73.43017380882104,30.150998883470884,81.25990294996555,POINT (73.43017380882104 30.150998883470884),0
73.26369428824809,30.4130911229824,78.45331807516956,POINT (73.26369428824809 30.4130911229824),0
71.52977620185929,29.8035984639409,71.50529817803567,POINT (71.52977620185929 29.8035984639409),0
71.91172325542871,29.656493103277892,90.17825743301427,POINT (71.91172325542871 29.656493103277892),0
73.97187597469828,30.986255377091783,90.3441838529028,POINT (73.97187597469828 30.986255377091783),0
73.97484287415837,29.57361454371981,66.89473679526107,POINT (73.97484287415837 29.57361454371981),0
72.48286149874143,29.36379601287821,85.31981036768467,POINT (72.48286149874143 29.36379601287821),0
72.58571245219719,30.690882451348497,49.04037842879441,POINT (72.58571245219719 30.690882451348497),0
71.95459292396825,32.183306958292754,42.678945338456735,POINT (71.95459292396825 32.183306958292754),0
72.08419930321949,30.08655946297526,69.41185254409518,POINT (72.08419930321949 30.08655946297526),0
72.96676715184493,30.77257485667251,45.04692007341292,POINT (72.96676715184493 30.77257485667251),0
72.11119396532305,31.96677716249398,78.25532202870755,POINT (72.11119396532305 31.96677716249398),0
73.12327602913514,31.375689917818306,85.77418114237175,POINT (73.12327602913514 31.375689917818306),0
71.64803877037673,30.34070464507377,72.37164611570071,POINT (71.64803877037673 30.34070464507377),0
72.34778738231013,31.969812926923346,68.95435051523764,POINT (72.34778738231013 31.969812926923346),0
73.4214944632906,31.995506098599595,70.28748897420988,POINT (73.4214944632906 31.995506098599595),0
73.77324240070288,31.092464225684623,91.01645793002331,POINT (73.77324240070288 31.092464225684623),0
72.35311462579644,30.791416893329686,71.88466246027465,POINT (72.35311462579644 30.791416893329686),0
71.76502937087659,30.449605350596222,95.04026035310056,POINT (71.76502937087659 30.449605350596222),0
73.0775572719504,29.696037690185868,60.3313381365763,POINT (73.0775572719504 29.696037690185868),0
71.9812411121181,29.175524538614514,95.6476275102416,POINT (71.9812411121181 29.175524538614514),0
72.62172549132914,30.139317815389703,75.9086314934642,POINT (72.62172549132914 30.139317815389703),0
71.52125688290737,30.038705163612835,82.18200794193356,POINT (71.52125688290737 30.038705163612835),0
73.08488935358088,32.437974655767256,77.22146257948265,POINT (73.08488935358088 32.437974655767256),0
72.69485466057482,31.686699751150602,94.19967231784318,POINT (72.69485466057482 31.686699751150602),0
73.301857083009,32.37458338220219,86.92031024429063,POINT (73.301857083009 32.37458338220219),0
73.66653638990176,29.47989218907214,83.94481017962727,POINT (73.66653638990176 29.47989218907214),0
72.6014613940203,30.97648617280028,79.2461445689414,POINT (72.6014613940203 30.97648617280028),0
73.9236585312971,32.44742513740855,57.293694729274314,POINT (73.9236585312971 32.44742513740855),0
73.33444872960503,31.647668879175125,60.78957167878293,POINT (73.33444872960503 31.647668879175125),0
71.8121789580611,29.23049228231005,86.6405876517507,POINT (71.8121789580611 29.23049228231005),0
72.725290555575,32.450704991825155,67.89840737161919,POINT (72.725290555575 32.450704991825155),0
73.9438807797683,30.49400374907977,87.62092903359836,POINT (73.9438807797683 30.49400374907977),0
71.71470890369034,30.984524516030653,88.12358721914345,POINT (71.71470890369034 30.984524516030653),0
73.81105536138084,31.895168014223888,42.218243632070454,POINT (73.81105536138084 31.895168014223888),0
72.43326504390161,29.25691796196515,46.55693746687348,POINT (72.43326504390161 29.25691796196515),0
73.18856284915404,31.52246851704621,86.42324096509758,POINT (73.18856284915404 31.52246851704621),0
73.66317954394692,31.61169581918327,88.05229552639793,POINT (73.66317954394692 31.61169581918327),0
71.6252134197189,29.89045378136943,77.31386640251475,POINT (71.6252134197189 29.89045378136943),0
73.64488076034355,29.106241375931795,70.87776052698099,POINT (73.64488076034355 29.106241375931795),0
73.19350934881354,29.191834209368356,64.08133345320327,POINT (73.19350934881354 29.191834209368356),0
73.7385046639337,31.380495226670508,54.259501801635835,POINT (73.7385046639337 31.380495226670508),0
73.63154169956125,30.277373925545376,91.20068026864357,POINT (73.63154169956125 30.277373925545376),0
72.24916335319278,31.103360767285743,63.81640406487004,POINT (72.24916335319278 31.103360767285743),0
72.18896332668464,32.11326338520012,51.25562091636948,POINT (72.18896332668464 32.11326338520012),0
71.71468973172446,30.25656312619601,83.05834885849406,POINT (71.71468973172446 30.25656312619601),0
73.5183492885168,32.495716022894605,57.78172342066989,POINT (73.5183492885168 32.495716022894605),0
72.52122311002368,29.5573374189308,74.49231577738202,POINT (72.52122311002368 29.5573374189308),0
73.99295977300824,31.480273451602336,75.7127704248023,POINT (73.99295977300824 31.480273451602336),0
72.4823532559328,32.211245003689484,69.81499576782096,POINT (72.4823532559328 32.211245003689484),0
71.8383798156294,30.336511718892165,44.030000130866014,POINT (71.8383798156294 30.336511718892165),0
72.0071396780712,29.1511346413068,67.1967949900098,POINT (72.0071396780712 29.1511346413068),0
73.08681250131968,30.261218333495936,65.22290629031663,POINT (73.08681250131968 30.261218333495936),0
73.89718634502006,31.654417477761044,72.45139821669707,POINT (73.89718634502006 31.654417477761044),0
72.21321402427911,32.148851786697016,54.10582701283957,POINT (72.21321402427911 32.148851786697016),0
72.31505545536963,32.18999285884927,71.77252331710434,POINT (72.31505545536963 32.18999285884927),0
73.35582560174727,31.104808077783694,79.20635254056971,POINT (73.35582560174727 31.104808077783694),0
72.25026069562101,29.913761495291457,59.34954083011992,POINT (72.25026069562101 29.913761495291457),0
71.89098214395221,32.07152510271289,56.994815995006846,POINT (71.89098214395221 32.07152510271289),0
72.9044775284583,31.790820012749457,87.02944656254282,POINT (72.9044775284583 31.790820012749457),0
72.59721210142614,30.714508790703007,99.6821049361015,POINT (72.59721210142614 30.714508790703007),0
73.18679530253964,31.868083916433175,94.15323815315392,POINT (73.18679530253964 31.868083916433175),0
73.46882423122842,29.72219490488121,73.73024402425433,POINT (73.46882423122842 29.72219490488121),0
71.75732781665711,31.31677682166933,97.32096569126867,POINT (71.75732781665711 31.31677682166933),0
72.78277923249307,30.566946525435505,42.15056508508979,POINT (72.78277923249307 30.566946525435505),0
73.89859720773373,29.442046450468126,42.46474559829082,POINT (73.89859720773373 29.442046450468126),0
72.11718226231632,29.314299802271158,67.30707054470574,POINT (72.11718226231632 29.314299802271158),0
72.79115515193774,30.156482213233346,43.05762895449316,POINT (72.79115515193774 30.156482213233346),0
71.78155451915006,30.401713875005466,43.631707049592166,POINT (71.78155451915006 30.401713875005466),0
73.24568155512235,29.796653728112236,58.12429412701831,POINT (73.24568155512235 29.796653728112236),0
72.48673793983653,30.511163900096033,40.099642460488035,POINT (72.48673793983653 30.511163900096033),0
71.78272764601275,32.032150674249024,40.07398375071449,POINT (71.78272764601275 32.032150674249024),0
72.77138572010894,30.759661290383725,59.98564966063827,POINT (72.77138572010894 30.759661290383725),0
72.57959224228554,31.75197915594188,90.47222237289739,POINT (72.57959224228554 31.75197915594188),0
72.15282996436446,30.190302162303087,54.54897118169996,POINT (72.15282996436446 30.190302162303087),0
72.70073904777546,31.420196067094658,53.695172527805234,POINT (72.70073904777546 31.420196067094658),0
72.32851641216895,32.262674199823174,42.914157390817486,POINT (72.32851641216895 32.262674199823174),0
72.65308093467796,31.516672519607575,49.02724069344845,POINT (72.65308093467796 31.516672519607575),0
71.62124555393368,29.562055932452918,95.12939161184097,POINT (71.62124555393368 29.562055932452918),0
71.52611241542553,29.732908444329382,41.87701077409867,POINT (71.52611241542553 29.732908444329382),0
71.77913115103526,31.205050933044525,54.49833452434515,POINT (71.77913115103526 31.205050933044525),0
72.92375327787497,31.102935079388,90.96611998538674,POINT (72.92375327787497 31.102935079388),0
71.51483451670804,32.00012182384406,77.14714518561844,POINT (71.51483451670804 32.00012182384406),0
71.90920774131797,31.725920849892,91.32949250743513,POINT (71.90920774131797 31.725920849892),0
72.13764165545038,32.22315953756533,67.26744581791947,POINT (72.13764165545038 32.22315953756533),0
73.00914743801597,32.447668725055905,61.69216471835196,POINT (73.00914743801597 32.447668725055905),0
73.532645727167,30.176354432589,87.95281133448947,POINT (73.532645727167 30.176354432589),0
73.00243186148116,29.82847820059292,64.84156562735419,POINT (73.00243186148116 29.82847820059292),0
72.29581854337145,29.35717932285027,41.79008620598185,POINT (72.29581854337145 29.35717932285027),0
72.36781072389633,29.155789313324593,49.9292654549065,POINT (72.36781072389633 29.155789313324593),0
73.31305756884376,31.50485383156892,84.31482318744295,POINT (73.31305756884376 31.50485383156892),0
72.29461431514042,32.12506533125993,75.62983288170685,POINT (72.29461431514042 32.12506533125993),0
71.81756174899958,29.580851288768063,81.58572561578208,POINT (71.81756174899958 29.580851288768063),0
71.93466806535943,30.820311548963346,99.50646855572265,POINT (71.93466806535943 30.820311548963346),0
71.51300298141442,29.14742220264896,99.58507491583039,POINT (71.51300298141442 29.14742220264896),0
72.96225852999888,29.523548797540165,93.83813198524561,POINT (72.96225852999888 29.523548797540165),0
73.70042922911871,30.91886082833799,77.3075217916454,POINT (73.70042922911871 30.91886082833799),0
72.18487522998619,29.263126696901804,75.67405653345186,POINT (72.18487522998619 29.263126696901804),0
72.2387089622341,31.353250510169808,90.17471061055608,POINT (72.2387089622341 31.353250510169808),0
71.54832871761025,31.121747829281112,53.87683238121113,POINT (71.54832871761025 31.121747829281112),0
73.68422569076789,29.95566766931993,76.64620799412509,POINT (73.68422569076789 29.95566766931993),0
72.88463793686367,30.441471215351985,80.65724581598764,POINT (72.88463793686367 30.441471215351985),0
73.31452100824971,31.023647638023323,85.50533423108524,POINT (73.31452100824971 31.023647638023323),0
73.95760902167837,30.520241497592636,70.87498311313186,POINT (73.95760902167837 30.520241497592636),0
71.53412481534127,31.80464095131771,71.21380402275963,POINT (71.53412481534127 31.80464095131771),0
72.52127173017998,29.41160072936806,93.37938530052384,POINT (72.52127173017998 29.41160072936806),0
72.48893807114122,31.417888926455053,48.96244938208905,POINT (72.48893807114122 31.417888926455053),0
73.90302787533442,29.699225810226803,51.97251957396942,POINT (73.90302787533442 29.699225810226803),0
73.64702121995205,32.20198583305426,52.72884445139809,POINT (73.64702121995205 32.20198583305426),0
72.67562301688437,31.591457479145145,92.7019440286481,POINT (72.67562301688437 31.591457479145145),0
72.44911552681312,30.853471132618388,84.50298463118409,POINT (72.44911552681312 30.853471132618388),0
73.32791539772538,31.760089379271925,74.19602911849158,POINT (73.32791539772538 31.760089379271925),0
71.76411928162472,32.17263534593233,91.93435235926168,POINT (71.76411928162472 32.17263534593233),0
73.49505119980256,29.431341170888643,52.26384202488575,POINT (73.49505119980256 29.431341170888643),0
73.3590265113087,29.169786896439316,98.75347802243678,POINT (73.3590265113087 29.169786896439316),0
72.44435312216778,31.543108358605387,93.2542653092826,POINT (72.44435312216778 31.543108358605387),0
72.48799620082261,30.17885456688512,76.5244677338948,POINT (72.48799620082261 30.17885456688512),0
72.95314947687513,30.485699097720698,76.1064853520625,POINT (72.95314947687513 30.485699097720698),0
73.83771189843796,30.68513239886573,51.80453084503788,POINT (73.83771189843796 30.68513239886573),0
72.44450613327598,30.434450114358203,47.866521581573195,POINT (72.44450613327598 30.434450114358203),0
71.90952726538417,31.424640564406385,60.36866525253416,POINT (71.90952726538417 31.424640564406385),0
73.88642638607209,29.92134566460203,45.93547030628934,POINT (73.88642638607209 29.92134566460203),0
73.38374738924864,32.09444000459321,56.68680141228927,POINT (73.38374738924864 32.09444000459321),0
72.00741190170712,29.724195330389023,71.32073808199074,POINT (72.00741190170712 29.724195330389023),0
72.67216793655194,29.975356358048092,42.710387019365584,POINT (72.67216793655194 29.975356358048092),0
72.7048023854544,32.36135990632455,79.15115204515979,POINT (72.7048023854544 32.36135990632455),0
72.73978436534503,29.468260349574365,55.146177432975236,POINT (72.73978436534503 29.468260349574365),0
72.23875577813806,31.698191791193324,92.60264783587715,POINT (72.23875577813806 31.698191791193324),0
73.75349806650182,32.44739284238764,98.94200098627195,POINT (73.75349806650182 32.44739284238764),0
73.88168583538888,29.335748859188385,48.26761215566831,POINT (73.88168583538888 29.335748859188385),0
72.26294845008418,30.975785437931155,45.818673322328756,POINT (72.26294845008418 30.975785437931155),0
73.61410920667414,31.193483490092454,72.5418641381323,POINT (73.61410920667414 31.193483490092454),0
71.91561706312476,29.954273237777713,49.618721498935486,POINT (71.91561706312476 29.954273237777713),0
73.6294251618558,31.0825911977347,84.107765651178,POINT (73.6294251618558 31.0825911977347),0
72.24189802582342,30.356537365097648,64.29129786559203,POINT (72.24189802582342 30.356537365097648),0
73.39999736947311,31.72392857028137,52.4088116508419,POINT (73.39999736947311 31.72392857028137),0
73.85308098641829,29.502226110879274,93.76732494541781,POINT (73.85308098641829 29.502226110879274),0
71.75358753154192,29.992742670195934,90.78871216407742,POINT (71.75358753154192 29.992742670195934),0
71.95101221257583,30.50079443462882,66.99155799664757,POINT (71.95101221257583 30.50079443462882),0
72.11516639666593,31.51219691587451,91.08007896413223,POINT (72.11516639666593 31.51219691587451),0
73.6859395490795,30.247683127030513,71.85102365726887,POINT (73.6859395490795 30.247683127030513),0
72.12302238404867,29.925435753434602,49.67524377111545,POINT (72.12302238404867 29.925435753434602),0
73.84928745097555,32.118142715599284,86.64152279966154,POINT (73.84928745097555 32.118142715599284),0
72.79508315713417,30.763431444771523,71.78473997094989,POINT (72.79508315713417 30.763431444771523),0
72.8422737618884,30.5723690120429,47.90528997352405,POINT (72.8422737618884 30.5723690120429),0
71.81665697675986,32.33721450628952,68.92184557518104,POINT (71.81665697675986 32.33721450628952),0
73.88220099016334,29.648549933801537,73.26499312239602,POINT (73.88220099016334 29.648549933801537),0
72.02146226436544,29.954031640746198,41.803274725670725,POINT (72.02146226436544 29.954031640746198),0
71.79990746360757,32.21652790644869,59.2919794889399,POINT (71.79990746360757 32.21652790644869),0
73.02089051293882,30.67617967736463,64.02707471471669,POINT (73.02089051293882 30.67617967736463),0
72.83058768399978,29.72921628608816,99.31623391117459,POINT (72.83058768399978 29.72921628608816),0
73.54549644028484,31.61913844444501,68.12555782083714,POINT (73.54549644028484 31.61913844444501),0
71.88458129682733,32.22954197744042,60.48322404290366,POINT (71.88458129682733 32.22954197744042),0
71.62806629748354,30.258188374615116,87.66742182975307,POINT (71.62806629748354 30.258188374615116),0
73.05728102749056,31.6505838192537,87.61812303174264,POINT (73.05728102749056 31.6505838192537),0
72.03203870925704,32.24016970289326,66.27937617522235,POINT (72.03203870925704 32.24016970289326),0
73.09797806856335,29.098770836625462,99.60210990467068,POINT (73.09797806856335 29.098770836625462),0
72.20411737936654,29.302479336506046,67.49572249219084,POINT (72.20411737936654 29.302479336506046),0
71.82505902272638,29.610196987598194,77.93696878181261,POINT (71.82505902272638 29.610196987598194),0
72.4837467693593,32.233587187823396,59.149389676484205,POINT (72.4837467693593 32.233587187823396),0
73.31554560044621,30.662834067341095,79.59707806775673,POINT (73.31554560044621 30.662834067341095),0
72.99983961036311,30.7026678415327,97.00366567746622,POINT (72.99983961036311 30.7026678415327),0
72.35841325231637,29.695113547308896,80.6856436527897,POINT (72.35841325231637 29.695113547308896),0
73.61463487302454,29.228129024829194,66.97796130536084,POINT (73.61463487302454 29.228129024829194),0
73.73064927345956,31.64642483376995,99.50846298985769,POINT (73.73064927345956 31.64642483376995),0
72.82940887374671,31.340891404965006,58.14881686827569,POINT (72.82940887374671 31.340891404965006),0
73.86804885676631,30.339774314038088,84.31064276119771,POINT (73.86804885676631 30.339774314038088),0
72.50923794948123,31.006196914477773,83.18695210129277,POINT (72.50923794948123 31.006196914477773),0
72.77329964277138,32.183247997067205,65.15805927566862,POINT (72.77329964277138 32.183247997067205),0
73.11809120816574,30.258047771363216,64.48940009386078,POINT (73.11809120816574 30.258047771363216),0
72.60136507015095,29.519788706128413,45.5034207435404,POINT (72.60136507015095 29.519788706128413),0
73.1690548481743,31.325625521785298,79.77458285260572,POINT (73.1690548481743 31.325625521785298),0
71.55233704757536,30.204130841352367,51.868590835551814,POINT (71.55233704757536 30.204130841352367),0
73.44526595066985,32.024875101399545,54.80082263356884,POINT (73.44526595066985 32.024875101399545),0
73.16995150048457,29.531910733269605,56.5091515361028,POINT (73.16995150048457 29.531910733269605),0
71.84908162259862,30.057450645413432,80.48419284095667,POINT (71.84908162259862 30.057450645413432),0
73.77517596782239,29.781319140854343,72.52474209704314,POINT (73.77517596782239 29.781319140854343),0
73.2536721887036,32.33950798731414,76.60362897323043,POINT (73.2536721887036 32.33950798731414),0
72.13974689984434,31.223217584735302,59.229469700680966,POINT (72.13974689984434 31.223217584735302),0
73.9394164631665,30.453435912386354,81.12566324566086,POINT (73.9394164631665 30.453435912386354),0
71.56097604553752,30.454749476017994,92.5064567993507,POINT (71.56097604553752 30.454749476017994),0
73.02612770130538,30.604345694012522,96.15624996614355,POINT (73.02612770130538 30.604345694012522),0
73.63454500286348,30.18936545362978,72.67290412248038,POINT (73.63454500286348 30.18936545362978),0
72.72560134320679,31.246141543141576,60.046676017525336,POINT (72.72560134320679 31.246141543141576),0
72.11253568191165,32.20228955356965,95.43246996991039,POINT (72.11253568191165 32.20228955356965),0
73.60793392286189,32.42569672491947,84.6994915467813,POINT (73.60793392286189 32.42569672491947),0
73.41160940249075,31.690645882509838,68.83645785653839,POINT (73.41160940249075 31.690645882509838),0
72.64230467750762,29.909855398019566,78.68915166155743,POINT (72.64230467750762 29.909855398019566),0
72.22514305971143,29.9697946495163,75.15768244576329,POINT (72.22514305971143 29.9697946495163),0
72.52631604100971,29.837004065041782,88.96336100516987,POINT (72.52631604100971 29.837004065041782),0
73.65098251855876,29.662604432533524,40.45042196799999,POINT (73.65098251855876 29.662604432533524),0
72.34198040144932,31.809694189919252,90.35043197405946,POINT (72.34198040144932 31.809694189919252),0
71.84826935900966,31.73068852072314,46.94225003856577,POINT (71.84826935900966 31.73068852072314),0
72.47659622503069,32.49525969762712,51.55544939385459,POINT (72.47659622503069 32.49525969762712),0
71.88729310211376,30.532268613685275,77.18011155819168,POINT (71.88729310211376 30.532268613685275),0
73.83152035290348,32.43461736723667,44.17843819548368,POINT (73.83152035290348 32.43461736723667),0
71.84744180330037,31.786604826808833,56.23792913625162,POINT (71.84744180330037 31.786604826808833),0
73.71158325252787,31.35267849921968,46.71068814284063,POINT (73.71158325252787 31.35267849921968),0
73.58099309517031,29.692116535085532,65.40972368077922,POINT (73.58099309517031 29.692116535085532),0
72.88125358168409,30.79806187882958,81.16977493690902,POINT (72.88125358168409 30.79806187882958),0
73.13210609023366,32.47287040104569,99.96531455345126,POINT (73.13210609023366 32.47287040104569),0
72.79208266897855,29.415443207358283,83.67059793812311,POINT (72.79208266897855 29.415443207358283),0
73.9407535392286,30.176106488066093,67.67253315025442,POINT (73.9407535392286 30.176106488066093),0
72.56324320433937,29.26619303980003,80.33586587340669,POINT (72.56324320433937 29.26619303980003),0
72.3849308868909,31.775443095006253,89.92720451691916,POINT (72.3849308868909 31.775443095006253),0
73.55279204334822,30.511356053917755,59.292740934453974,POINT (73.55279204334822 30.511356053917755),0
73.37205666604896,31.822916718913227,69.47544678348197,POINT (73.37205666604896 31.822916718913227),0
73.7320054247626,29.581499135801415,92.74412677953761,POINT (73.7320054247626 29.581499135801415),0
71.74285370149782,29.614283857236387,72.03040079643762,POINT (71.74285370149782 29.614283857236387),0
71.67152612654779,29.27092468938312,40.03112464994233,POINT (71.67152612654779 29.27092468938312),0
72.59204638259688,31.73167027371334,42.09030101679494,POINT (72.59204638259688 31.73167027371334),0
73.13103498573878,31.89702333780352,50.08005091467227,POINT (73.13103498573878 31.89702333780352),0
71.86957188211423,32.02545659916977,89.38747659700569,POINT (71.86957188211423 32.02545659916977),0
72.84819864859541,31.883634308501108,45.565364645469685,POINT (72.84819864859541 31.883634308501108),0
72.48762586877513,31.606125648522237,55.4471175594378,POINT (72.48762586877513 31.606125648522237),0
73.38081297042615,30.809695280228723,85.015959276894,POINT (73.38081297042615 30.809695280228723),0
72.66284037609189,30.3451226862502,53.15135298871794,POINT (72.66284037609189 30.3451226862502),0
72.0231148362218,31.652807322318946,47.13462088203763,POINT (72.0231148362218 31.652807322318946),0
71.71761194587693,29.691894892496943,50.52079068723531,POINT (71.71761194587693 29.691894892496943),0
73.55747662652601,30.44944893008594,99.42330744162894,POINT (73.55747662652601 30.44944893008594),0
71.84547929944537,31.3188826197722,66.92377043207503,POINT (71.84547929944537 31.3188826197722),0
72.48372376903589,32.07414954299527,98.53573874970398,POINT (72.48372376903589 32.07414954299527),0
73.68165596110035,29.746472244898673,53.24787527253604,POINT (73.68165596110035 29.746472244898673),0
73.14056040222127,30.076414838162762,84.08350784683479,POINT (73.14056040222127 30.076414838162762),0
72.91678594442087,30.969003082660635,89.71281549032715,POINT (72.91678594442087 30.969003082660635),0
73.27648979826972,29.18150625865227,42.96754822876094,POINT (73.27648979826972 29.18150625865227),0
73.00448989733022,30.7483774050039,55.611079320579485,POINT (73.00448989733022 30.7483774050039),0
72.54796559393775,31.674692067592197,89.5966890794758,POINT (72.54796559393775 31.674692067592197),0
72.90381277745355,30.40466309718995,56.241805689706425,POINT (72.90381277745355 30.40466309718995),0
72.80570850304005,30.163912924647832,73.84570822283337,POINT (72.80570850304005 30.163912924647832),0
73.19192434674406,29.31617063794531,40.06404790136484,POINT (73.19192434674406 29.31617063794531),0
72.03284373854649,32.140379146873094,78.77744579371355,POINT (72.03284373854649 32.140379146873094),0
71.93221303843481,32.1258988722529,68.1973564172404,POINT (71.93221303843481 32.1258988722529),0
72.69132502466994,32.280256040754,43.5692015310004,POINT (72.69132502466994 32.280256040754),0
72.04008497347328,31.087853024584966,51.729190574920246,POINT (72.04008497347328 31.087853024584966),0
73.19909941498555,29.820762023577814,45.94941823592886,POINT (73.19909941498555 29.820762023577814),0
72.01963495846354,30.532042596236888,50.56829795038479,POINT (72.01963495846354 30.532042596236888),0
71.83919129420867,32.023686978308994,59.22383221583847,POINT (71.83919129420867 32.023686978308994),0
72.40345368154956,29.279322353030636,61.44217741012325,POINT (72.40345368154956 29.279322353030636),0
72.16395871459466,31.172104643074892,52.3234178603444,POINT (72.16395871459466 31.172104643074892),0
73.72036017084484,32.260226477376854,45.989863430607414,POINT (73.72036017084484 32.260226477376854),0
71.77107777889628,29.48405936016417,77.17415537861872,POINT (71.77107777889628 29.48405936016417),0
71.80743453466722,31.99675656005607,85.25629089627355,POINT (71.80743453466722 31.99675656005607),0
73.5492429101621,30.884292942207136,99.8006326911492,POINT (73.5492429101621 30.884292942207136),0
71.61326105694863,30.45885238940688,59.43620013625817,POINT (71.61326105694863 30.45885238940688),0
73.87081916478675,31.057476693614145,88.37145792668352,POINT (73.87081916478675 31.057476693614145),0
71.92817161937167,32.427161659970984,69.91837281257891,POINT (71.92817161937167 32.427161659970984),0
72.73520550237153,32.400743128085274,62.8439416730287,POINT (72.73520550237153 32.400743128085274),0
72.49522246128926,31.08438043913231,47.68315663286722,POINT (72.49522246128926 31.08438043913231),0
72.304429723524,29.749566492047695,46.19700874642297,POINT (72.304429723524 29.749566492047695),0
73.66489693740222,31.099988878445178,61.520367491674676,POINT (73.66489693740222 31.099988878445178),0
72.52303876590732,30.56199143547056,77.98895092868256,POINT (72.52303876590732 30.56199143547056),0
73.81621640115652,32.27083900137262,63.489518771839805,POINT (73.81621640115652 32.27083900137262),0
72.32483909915604,30.628562623781555,74.07605382570955,POINT (72.32483909915604 30.628562623781555),0
72.65569750697857,31.336656249406115,73.26394140278582,POINT (72.65569750697857 31.336656249406115),0
72.30350600454841,30.26953088992539,62.715567253583856,POINT (72.30350600454841 30.26953088992539),0
71.73922086155048,29.657024120162475,83.38682812872317,POINT (71.73922086155048 29.657024120162475),0
72.47418539195911,29.822284811354788,73.76034463449145,POINT (72.47418539195911 29.822284811354788),0
73.38882669801367,29.968478575471607,89.60739291542467,POINT (73.38882669801367 29.968478575471607),0
73.81805212962412,31.127477689065632,80.13685953949478,POINT (73.81805212962412 31.127477689065632),0
71.63422967184634,32.31427186048278,63.54908405589663,POINT (71.63422967184634 32.31427186048278),0
73.80905539976139,31.06469227962605,40.277127930599654,POINT (73.80905539976139 31.06469227962605),0
71.59920083031129,31.41051575040933,73.76008082991598,POINT (71.59920083031129 31.41051575040933),0
71.56922496326636,31.625429353803234,91.1287202241509,POINT (71.56922496326636 31.625429353803234),0
72.74205803616852,30.678713689921917,40.32838653007765,POINT (72.74205803616852 30.678713689921917),0
73.46647768238402,30.218344143144147,92.72581718695238,POINT (73.46647768238402 30.218344143144147),0
72.43415922654489,31.017307105131138,56.22050729195965,POINT (72.43415922654489 31.017307105131138),0
71.90382842821195,31.732638533417287,69.7954287307769,POINT (71.90382842821195 31.732638533417287),0
72.84207385768562,32.38209952701458,97.81479473332922,POINT (72.84207385768562 32.38209952701458),0
73.6386827357692,29.730478839965276,75.6563616580948,POINT (73.6386827357692 29.730478839965276),0
73.69485597194021,30.367485005748073,46.0663699561351,POINT (73.69485597194021 30.367485005748073),0
73.52716340399084,30.73328012294878,73.86356082155072,POINT (73.52716340399084 30.73328012294878),0
73.95443216360934,31.160944487697343,65.49876313996609,POINT (73.95443216360934 31.160944487697343),0
72.4264809821466,30.514605930586907,47.10394499072012,POINT (72.4264809821466 30.514605930586907),0
73.48669739381026,31.946760541245443,57.06382807440453,POINT (73.48669739381026 31.946760541245443),0
72.26127635955122,32.07159291327101,41.438221331677326,POINT (72.26127635955122 32.07159291327101),0
72.802061779643,30.671616878920705,81.40760617470758,POINT (72.802061779643 30.671616878920705),0
71.91082568357304,31.369306328444758,62.604040472492585,POINT (71.91082568357304 31.369306328444758),0
73.04731208631142,29.22758789815728,67.70363183107057,POINT (73.04731208631142 29.22758789815728),0
72.80653823138,29.821560139972934,48.37741925074724,POINT (72.80653823138 29.821560139972934),0
71.9734318603187,30.26411134922576,45.80860895829829,POINT (71.9734318603187 30.26411134922576),0
73.86751021014109,30.47156525504539,88.53817615040494,POINT (73.86751021014109 30.47156525504539),0
73.93514513927968,29.36613464305734,79.10016807609964,POINT (73.93514513927968 29.36613464305734),0
73.67803708050607,31.253068608835974,65.74156728144476,POINT (73.67803708050607 31.253068608835974),0
72.57896658866429,29.213282892287687,72.07604507735653,POINT (72.57896658866429 29.213282892287687),0
73.98288331997996,32.35922982679092,42.42395373052979,POINT (73.98288331997996 32.35922982679092),0
73.2646693210592,30.11964660705651,94.17934920436821,POINT (73.2646693210592 30.11964660705651),0
71.61560640529036,32.28138840116598,90.24854462726661,POINT (71.61560640529036 32.28138840116598),0
71.79629093810249,29.294847148348406,90.08245985961615,POINT (71.79629093810249 29.294847148348406),0
71.89177114675255,30.914421293310042,94.94469147272257,POINT (71.89177114675255 30.914421293310042),0
72.91935049141911,30.445108048051004,66.70096329123953,POINT (72.91935049141911 30.445108048051004),0
71.66054045807687,32.393473538753824,58.63925110486497,POINT (71.66054045807687 32.393473538753824),0
71.97565127521544,30.066063856704094,97.86239169348873,POINT (71.97565127521544 30.066063856704094),0
71.73833798950606,32.047622795372575,82.47063366408688,POINT (71.73833798950606 32.047622795372575),0
73.57472787118093,32.4178323048682,90.5292793310123,POINT (73.57472787118093 32.4178323048682),0
73.85768234878951,29.523634983925927,87.7473139100182,POINT (73.85768234878951 29.523634983925927),0
72.86500653242629,30.943730833186752,93.93529457923081,POINT (72.86500653242629 30.943730833186752),0
73.92862233134218,31.49376432708651,68.97630336830704,POINT (73.92862233134218 31.49376432708651),0
72.642184029323,30.40797666181955,61.69594177435976,POINT (72.642184029323 30.40797666181955),0
72.48020107684434,29.396877754294852,44.64616511562629,POINT (72.48020107684434 29.396877754294852),0
73.44955513030528,30.611607099254343,95.84106931267723,POINT (73.44955513030528 30.611607099254343),0
73.0311036374505,29.210818440864905,49.45140047904877,POINT (73.0311036374505 29.210818440864905),0
72.01672620336046,32.41728168074679,53.12225356909809,POINT (72.01672620336046 32.41728168074679),0
72.79032616801497,32.28242077765459,98.63156379486145,POINT (72.79032616801497 32.28242077765459),0
72.09295564671733,29.258346959308263,49.21610995226551,POINT (72.09295564671733 29.258346959308263),0
71.66106788284158,29.756098050307884,74.11418288222413,POINT (71.66106788284158 29.756098050307884),0
73.78047219555391,30.922332896402374,77.55937340194484,POINT (73.78047219555391 30.922332896402374),0
72.00686066001741,31.820169621239224,77.067334510335,POINT (72.00686066001741 31.820169621239224),0
73.65988552566503,32.32560103609342,60.87404654539554,POINT (73.65988552566503 32.32560103609342),0
71.72908533010445,29.861114410434105,66.27049394055024,POINT (71.72908533010445 29.861114410434105),0
73.86345135495388,30.38059601545321,86.24639281992219,POINT (73.86345135495388 30.38059601545321),0
72.8520298236582,29.71411337927624,59.2440471372071,POINT (72.8520298236582 29.71411337927624),0
73.13336694501695,31.38472450782027,66.08558480854276,POINT (73.13336694501695 31.38472450782027),0
72.07369942424464,31.551952402036665,50.13238249676289,POINT (72.07369942424464 31.551952402036665),0
73.84092755089536,29.731482091293255,46.43874176995123,POINT (73.84092755089536 29.731482091293255),0
72.74512866510398,30.862096534915757,70.49157488669469,POINT (72.74512866510398 30.862096534915757),0
72.59292205338974,32.48232345114542,69.17683676023492,POINT (72.59292205338974 32.48232345114542),0
72.69595466552661,30.52874268440021,44.00954528208777,POINT (72.69595466552661 30.52874268440021),0
72.98301975134945,29.868064932286053,78.25653881374299,POINT (72.98301975134945 29.868064932286053),0
71.62988032102339,32.436546766881605,68.14030474076033,POINT (71.62988032102339 32.436546766881605),0
73.74130140749038,30.7121355956684,43.6198491144533,POINT (73.74130140749038 30.7121355956684),0
73.55524501105013,31.300623152808228,86.90542285443671,POINT (73.55524501105013 31.300623152808228),0
72.57171197931815,31.26569015481124,91.37374022779645,POINT (72.57171197931815 31.26569015481124),0
73.07813934540823,30.27615418851908,79.75177566197199,POINT (73.07813934540823 30.27615418851908),0
73.17994805478071,32.36563701388133,62.25473929250015,POINT (73.17994805478071 32.36563701388133),0
72.56400409171528,31.859508386982803,70.34573888456447,POINT (72.56400409171528 31.859508386982803),0
73.34148644041687,30.658095535268743,52.929708508762026,POINT (73.34148644041687 30.658095535268743),0
73.3630287915814,29.538021087267595,51.91501981187848,POINT (73.3630287915814 29.538021087267595),0
73.06755515702937,31.638417475834785,93.6812732120689,POINT (73.06755515702937 31.638417475834785),0
72.18337589755006,29.46837006999515,97.36279957135775,POINT (72.18337589755006 29.46837006999515),0
71.88844002770327,29.764766509204293,57.47976721350794,POINT (71.88844002770327 29.764766509204293),0
72.82436081964961,32.10054063716677,85.63276136379201,POINT (72.82436081964961 32.10054063716677),0
73.27056125439121,29.688108073877903,61.46095789155845,POINT (73.27056125439121 29.688108073877903),0
72.69709869551235,29.593489818027713,56.40578212760035,POINT (72.69709869551235 29.593489818027713),0
72.2725996770663,29.52479728772353,73.01438151449545,POINT (72.2725996770663 29.52479728772353),0
73.26275037852439,29.32930392486777,68.86738610578898,POINT (73.26275037852439 29.32930392486777),0
73.45539914338842,31.64087314861179,88.90438577312526,POINT (73.45539914338842 31.64087314861179),0
72.62180862039384,31.88826115042755,54.44518427285617,POINT (72.62180862039384 31.88826115042755),0
72.40358316129812,29.692113795565927,68.04907236571431,POINT (72.40358316129812 29.692113795565927),0
72.48158181594894,29.912244632568033,85.10684255384689,POINT (72.48158181594894 29.912244632568033),0
72.28636154319067,30.020917241900168,47.853419851029706,POINT (72.28636154319067 30.020917241900168),0
72.59829896769766,30.123736716169248,62.156370480458115,POINT (72.59829896769766 30.123736716169248),0
72.0920491675009,31.692573380345024,95.80020084128304,POINT (72.0920491675009 31.692573380345024),0
72.74583790456106,31.282945925011234,92.03033659640236,POINT (72.74583790456106 31.282945925011234),0
73.9960787747848,31.182439048092473,93.38676799239212,POINT (73.9960787747848 31.182439048092473),0
73.77088618340288,31.789037267084964,67.65588346438662,POINT (73.77088618340288 31.789037267084964),0
71.70556038505805,29.144782719050962,68.63203799697547,POINT (71.70556038505805 29.144782719050962),0
72.73680907570241,30.47963911646366,74.09004107748187,POINT (72.73680907570241 30.47963911646366),0
72.88119810744784,31.942997518184555,46.51942619573575,POINT (72.88119810744784 31.942997518184555),0
72.06504345459945,31.794333273771276,90.87021203341928,POINT (72.06504345459945 31.794333273771276),0
73.98608123719768,32.06674435506521,93.39394042433986,POINT (73.98608123719768 32.06674435506521),0
72.28761246480424,30.460204676501366,56.08510628923306,POINT (72.28761246480424 30.460204676501366),0
73.01632329788902,32.29138133302722,60.67845319069706,POINT (73.01632329788902 32.29138133302722),0
72.8932764475761,30.101015070178978,50.18799842636245,POINT (72.8932764475761 30.101015070178978),0
71.99018308242736,29.28844147406494,96.95761138055545,POINT (71.99018308242736 29.28844147406494),0
73.20359836383346,29.745178431366533,50.52773479474527,POINT (73.20359836383346 29.745178431366533),0
73.52972255097032,29.993328692673067,94.79711102211854,POINT (73.52972255097032 29.993328692673067),0
71.85257829010497,31.401276437536733,88.86843256185603,POINT (71.85257829010497 31.401276437536733),0
72.09019994548545,30.03251852275978,97.8711331683521,POINT (72.09019994548545 30.03251852275978),0
72.16343562294401,30.556666578814255,65.95093559454196,POINT (72.16343562294401 30.556666578814255),0
72.13457473582449,31.735649392772686,86.31096059374931,POINT (72.13457473582449 31.735649392772686),0
72.44728176350257,31.93792733437333,52.78449606394014,POINT (72.44728176350257 31.93792733437333),0
71.51374721606652,31.038066653984227,99.6446663471427,POINT (71.51374721606652 31.038066653984227),0
71.59945619732791,29.799986233079515,71.13487854922505,POINT (71.59945619732791 29.799986233079515),0
73.5246120781664,29.394453099501366,63.71407922553366,POINT (73.5246120781664 29.394453099501366),0
73.36770119837219,30.357527951778128,51.33018522853834,POINT (73.36770119837219 30.357527951778128),0
71.99095758518187,30.488797319471907,68.76502448835348,POINT (71.99095758518187 30.488797319471907),0
73.65408878686877,31.280402720140145,81.42411727093008,POINT (73.65408878686877 31.280402720140145),0
73.95653598015362,30.49491547233005,64.2012641949477,POINT (73.95653598015362 30.49491547233005),0
73.80767403144363,29.929114463658948,83.788914778172,POINT (73.80767403144363 29.929114463658948),0
73.38641455299246,29.424269062091263,68.09388434161504,POINT (73.38641455299246 29.424269062091263),0
72.0036039284186,29.722862842510956,67.82968662777257,POINT (72.0036039284186 29.722862842510956),0
72.22541654994014,31.804749672001357,94.45629348342894,POINT (72.22541654994014 31.804749672001357),0
73.50659063079976,29.99782584785452,56.44806362131651,POINT (73.50659063079976 29.99782584785452),0
72.1388019618932,29.551258373265316,96.62790208622268,POINT (72.1388019618932 29.551258373265316),0
72.50651130420005,29.85688888767434,90.80026303049462,POINT (72.50651130420005 29.85688888767434),0
72.49939147543384,29.210616720753965,49.71649421497787,POINT (72.49939147543384 29.210616720753965),0
73.098568849529,31.759902370178825,52.656063309322775,POINT (73.098568849529 31.759902370178825),0
73.79281939080829,31.992034281969833,90.90284524366486,POINT (73.79281939080829 31.992034281969833),0
72.07124222241083,29.263182238906914,92.04541236895503,POINT (72.07124222241083 29.263182238906914),0
72.26627737093146,31.200847835058667,85.5980130220438,POINT (72.26627737093146 31.200847835058667),0
71.82321997324375,31.752856034390888,96.31068753766394,POINT (71.82321997324375 31.752856034390888),0
73.32102391450303,30.59507247184507,92.60068832510217,POINT (73.32102391450303 30.59507247184507),0
72.8195342446611,31.629898570020096,89.23035663151624,POINT (72.8195342446611 31.629898570020096),0
73.37338474280071,30.07222605793576,47.07063405434987,POINT (73.37338474280071 30.07222605793576),0
72.0978929692877,30.805250947659722,70.31661533758574,POINT (72.0978929692877 30.805250947659722),0
72.95728029588908,30.437841674384515,87.21348288700166,POINT (72.95728029588908 30.437841674384515),0
73.78223176086662,29.932010379816866,84.19139306211328,POINT (73.78223176086662 29.932010379816866),0
73.19521774395243,30.874167821093113,51.31181403244962,POINT (73.19521774395243 30.874167821093113),0
73.48789971742244,32.36577107033725,83.31017993401682,POINT (73.48789971742244 32.36577107033725),0
73.79397855157782,32.446085986734225,61.123040454354296,POINT (73.79397855157782 32.446085986734225),0
73.09600598810414,30.706584095881972,99.1977248117938,POINT (73.09600598810414 30.706584095881972),0
71.73714432872328,30.49672732033067,92.53234267163417,POINT (71.73714432872328 30.49672732033067),0
72.21199207107418,31.77656460711298,62.966989766815345,POINT (72.21199207107418 31.77656460711298),0
73.94902643556583,32.10294156535206,58.07922145975692,POINT (73.94902643556583 32.10294156535206),0
73.42540201139049,30.239277643581996,76.3817704129321,POINT (73.42540201139049 30.239277643581996),0
73.14656799790966,31.919073709114077,41.467050452920894,POINT (73.14656799790966 31.919073709114077),0
72.05251409631614,31.517899008077524,73.81139421817224,POINT (72.05251409631614 31.517899008077524),0
72.74003027519005,29.279116263413176,60.89655300768737,POINT (72.74003027519005 29.279116263413176),0
73.66229017884898,29.19621677073954,63.78617412188873,POINT (73.66229017884898 29.19621677073954),0
73.86209012602625,29.264357512137412,84.9823450626782,POINT (73.86209012602625 29.264357512137412),0
72.14600108999036,32.04525616969509,84.7640787375619,POINT (72.14600108999036 32.04525616969509),0
73.71372010646247,29.82700920305923,71.87756528911629,POINT (73.71372010646247 29.82700920305923),0
73.4480577791627,29.92851499384419,53.844778316033015,POINT (73.4480577791627 29.92851499384419),0
71.57084660520997,32.358574488691715,82.6010128032774,POINT (71.57084660520997 32.358574488691715),0
73.08935864360942,31.627252409139494,71.89677512172636,POINT (73.08935864360942 31.627252409139494),0
72.69143001744166,30.623400363214195,78.42635272621848,POINT (72.69143001744166 30.623400363214195),0
72.00603129857939,32.11838089717519,88.7051422731559,POINT (72.00603129857939 32.11838089717519),0
72.37551077418428,31.063436953763578,48.46163799700088,POINT (72.37551077418428 31.063436953763578),0
73.92997623484226,32.1689514614004,95.31385038995202,POINT (73.92997623484226 32.1689514614004),0
72.33207896706782,29.667497130938894,52.70632980797862,POINT (72.33207896706782 29.667497130938894),0
71.72764347204854,29.50036914907863,44.278272051090724,POINT (71.72764347204854 29.50036914907863),0
73.97359838073535,29.34337004837351,47.95252485708482,POINT (73.97359838073535 29.34337004837351),0
73.56782747059448,31.068996922898368,86.46503227415994,POINT (73.56782747059448 31.068996922898368),0
73.07775637140054,32.09832303225842,78.30805166588443,POINT (73.07775637140054 32.09832303225842),0
72.80622423188626,31.520734981001645,66.84356510752657,POINT (72.80622423188626 31.520734981001645),0
72.36677530197022,30.68517397564802,50.18284630591364,POINT (72.36677530197022 30.68517397564802),0
73.49124303758751,29.97966526095237,49.21189278022285,POINT (73.49124303758751 29.97966526095237),0
72.11789519549093,31.961601354406742,59.81207773586388,POINT (72.11789519549093 31.961601354406742),0
73.21538047428672,32.010486071868485,44.664680015502526,POINT (73.21538047428672 32.010486071868485),0
73.41250091532439,30.139762341432753,52.99734185104256,POINT (73.41250091532439 30.139762341432753),0
73.22249802532262,32.19248766655987,57.701152522743726,POINT (73.22249802532262 32.19248766655987),0
72.92280917823926,30.078973477524304,73.25713514358569,POINT (72.92280917823926 30.078973477524304),0
73.05516762851323,31.171594373924602,77.41278217856475,POINT (73.05516762851323 31.171594373924602),0
71.84015916137494,31.455248814868085,80.4850213828134,POINT (71.84015916137494 31.455248814868085),0
73.20673995305334,29.343413921341526,66.81033054484917,POINT (73.20673995305334 29.343413921341526),0
72.52395168958614,29.38650811888803,53.342075673808644,POINT (72.52395168958614 29.38650811888803),0
72.6036427289679,31.623541900937187,54.22372461907979,POINT (72.6036427289679 31.623541900937187),0
73.57405577567178,30.951580935914407,85.62530111107705,POINT (73.57405577567178 30.951580935914407),0
72.6824997344088,30.7927030338869,77.18316336277842,POINT (72.6824997344088 30.7927030338869),0
73.81921463798189,30.767538271294754,71.71945228649746,POINT (73.81921463798189 30.767538271294754),0
73.00558442096471,31.605162854561677,44.31102012917406,POINT (73.00558442096471 31.605162854561677),0
72.79015584655085,30.732693886762323,95.30109905425422,POINT (72.79015584655085 30.732693886762323),0
72.73479242476911,30.687451534826444,97.73199931208212,POINT (72.73479242476911 30.687451534826444),0
72.6276388531478,29.707553111411038,53.0149673683473,POINT (72.6276388531478 29.707553111411038),0
71.74058809568909,29.092836809456667,65.91673966002892,POINT (71.74058809568909 29.092836809456667),0
73.42302948292036,31.59136045014892,41.92894526817101,POINT (73.42302948292036 31.59136045014892),0
72.9256773273707,29.616866602847082,96.46457708588184,POINT (72.9256773273707 29.616866602847082),0
71.92074303911187,31.227175757052485,59.574301729843405,POINT (71.92074303911187 31.227175757052485),0
73.10433706960703,30.49633078120568,85.57858313838369,POINT (73.10433706960703 30.49633078120568),0
72.07877509681833,32.178835005770004,70.01257895880113,POINT (72.07877509681833 32.178835005770004),0
73.39020849669127,31.987715195505924,99.9297166572883,POINT (73.39020849669127 31.987715195505924),0
72.06196838132252,30.068944927079176,55.025985203913294,POINT (72.06196838132252 30.068944927079176),0
72.15912684507082,31.07651236838189,99.61135138875058,POINT (72.15912684507082 31.07651236838189),0
73.9747341053835,30.886722623037244,78.34163261588043,POINT (73.9747341053835 30.886722623037244),0
73.64948647707921,32.271363453213844,52.231637639772636,POINT (73.64948647707921 32.271363453213844),0
72.82224015544035,31.93012480304656,58.192124598075495,POINT (72.82224015544035 31.93012480304656),0
72.60076337003125,32.450980897164584,99.10280180325225,POINT (72.60076337003125 32.450980897164584),0
73.76464259966988,31.81289025235333,56.147830043368344,POINT (73.76464259966988 31.81289025235333),0
72.3038417848717,30.956641933951538,73.64664247372073,POINT (72.3038417848717 30.956641933951538),0
72.76473503711523,31.26137265126268,64.49938135797933,POINT (72.76473503711523 31.26137265126268),0
73.37293869665956,30.22800505435736,59.84061981678116,POINT (73.37293869665956 30.22800505435736),0
71.82055600088201,29.73423879520959,91.03125273528146,POINT (71.82055600088201 29.73423879520959),0
72.61692071709678,29.867724071137268,85.56046600134324,POINT (72.61692071709678 29.867724071137268),0
72.88573689003888,29.163022958543152,58.98168744020291,POINT (72.88573689003888 29.163022958543152),0
71.94479552215887,31.326836170376602,56.50186243781517,POINT (71.94479552215887 31.326836170376602),0
71.66510716090802,29.278178871673777,74.9036378775229,POINT (71.66510716090802 29.278178871673777),0
71.5572217454374,31.98451719289224,49.32382715543653,POINT (71.5572217454374 31.98451719289224),0
73.01698957264779,30.606885956291435,66.57109127391415,POINT (73.01698957264779 30.606885956291435),0
71.68220566733068,31.827562696198463,93.58314908519516,POINT (71.68220566733068 31.827562696198463),0
71.53049760179104,29.699779495369047,94.23425132772873,POINT (71.53049760179104 29.699779495369047),0
72.87453605754894,29.602399926205976,52.16742715654953,POINT (72.87453605754894 29.602399926205976),0
73.15032566561584,31.561873028721816,75.96560851479612,POINT (73.15032566561584 31.561873028721816),0
73.88205835626167,30.775212231243366,58.016314728551606,POINT (73.88205835626167 30.775212231243366),0
72.69417334329958,30.317038361738845,53.46495356048118,POINT (72.69417334329958 30.317038361738845),0
71.617724270353,30.291627611812867,82.68456086258453,POINT (71.617724270353 30.291627611812867),0
71.54902075597649,30.588103469370353,78.6405640869921,POINT (71.54902075597649 30.588103469370353),0
73.02656865649907,31.73857218278822,88.63118293958786,POINT (73.02656865649907 31.73857218278822),0
73.2794177290148,29.441347625927065,68.50134664026164,POINT (73.2794177290148 29.441347625927065),0
73.00910126988907,29.9280591829053,42.55310905880659,POINT (73.00910126988907 29.9280591829053),0
72.0610814409066,30.64168050494674,64.83581914327605,POINT (72.0610814409066 30.64168050494674),0
71.94396078539259,31.901415026562297,95.54120012420347,POINT (71.94396078539259 31.901415026562297),0
72.00556540435558,32.25990702646021,41.07165755051085,POINT (72.00556540435558 32.25990702646021),0
73.81170633187654,32.33612043826482,40.72311178095551,POINT (73.81170633187654 32.33612043826482),0
73.40749616475476,32.398414181047855,94.3541331290667,POINT (73.40749616475476 32.398414181047855),0
73.92589256234574,30.96700786327382,44.689368393123296,POINT (73.92589256234574 30.96700786327382),0
73.62407383772137,31.1835019068785,76.88420465129735,POINT (73.62407383772137 31.1835019068785),0
72.54446501020728,31.040366482158113,49.214786745166876,POINT (72.54446501020728 31.040366482158113),0
73.34946598630911,29.346641502492144,83.78684602262751,POINT (73.34946598630911 29.346641502492144),0
73.62205014287163,30.701592968685098,70.58982196342296,POINT (73.62205014287163 30.701592968685098),0
72.2822868252135,32.3958812577789,83.98746847357272,POINT (72.2822868252135 32.3958812577789),0
72.42399542903766,29.686835860406937,53.17477553212548,POINT (72.42399542903766 29.686835860406937),0
72.66095002613068,32.30420993351161,84.04878074565508,POINT (72.66095002613068 32.30420993351161),0
72.04024839545515,32.021229859938366,62.692031380580865,POINT (72.04024839545515 32.021229859938366),0
73.62889856815028,29.914878099477473,77.11963671617906,POINT (73.62889856815028 29.914878099477473),0
73.81596953825087,29.970086466585744,81.57559543515129,POINT (73.81596953825087 29.970086466585744),0
73.96733229941303,29.604304621040125,45.304137442040464,POINT (73.96733229941303 29.604304621040125),0
73.18579120034225,30.24909381947122,44.27466864199547,POINT (73.18579120034225 30.24909381947122),0
72.68936282223747,31.66057962397421,57.10734402491133,POINT (72.68936282223747 31.66057962397421),0
72.33927700625281,31.973973826745592,71.20431473568928,POINT (72.33927700625281 31.973973826745592),0
73.60645899414095,30.61268641766712,97.1785096936062,POINT (73.60645899414095 30.61268641766712),0
73.12738329593547,29.486010821759855,93.10557929360805,POINT (73.12738329593547 29.486010821759855),0
72.72420591631366,29.573761405716432,49.16140803048524,POINT (72.72420591631366 29.573761405716432),0
73.21908470203424,29.252397612691507,57.195625894828794,POINT (73.21908470203424 29.252397612691507),0
71.8519098258128,30.594577065308286,64.86122631966168,POINT (71.8519098258128 30.594577065308286),0
72.80560358098339,30.044208209543438,41.922615362690635,POINT (72.80560358098339 30.044208209543438),0
73.03650772191182,30.364942043626225,79.08009992440279,POINT (73.03650772191182 30.364942043626225),0
71.77423275912746,29.137868381932947,54.89765487311757,POINT (71.77423275912746 29.137868381932947),0
72.64254211819315,30.434330767137723,88.61815331640798,POINT (72.64254211819315 30.434330767137723),0
72.44608275990528,30.899227025384857,75.61093554653154,POINT (72.44608275990528 30.899227025384857),0
71.55749115354794,30.847041195006344,60.68987556393027,POINT (71.55749115354794 30.847041195006344),0
72.5545151986974,29.43278977021016,86.9692339389187,POINT (72.5545151986974 29.43278977021016),0
73.85524101001806,29.16681663640837,76.08236576868087,POINT (73.85524101001806 29.16681663640837),0
73.40955479195173,30.06183755046634,87.253335091793,POINT (73.40955479195173 30.06183755046634),0
73.95158800913902,29.235262137232986,66.69626566162037,POINT (73.95158800913902 29.235262137232986),0
72.86828151779522,29.59116235632821,60.177149825641706,POINT (72.86828151779522 29.59116235632821),0
73.96816802960012,29.146231248717122,67.15047589146305,POINT (73.96816802960012 29.146231248717122),0
73.60626593580861,30.195111794736327,68.7879101653092,POINT (73.60626593580861 30.195111794736327),0
73.94420218148679,30.709802623229322,47.85527872878994,POINT (73.94420218148679 30.709802623229322),0
71.6320968431993,32.31391963710503,55.948564796503945,POINT (71.6320968431993 32.31391963710503),0
72.76114351078512,29.40011139077731,65.4193072330363,POINT (72.76114351078512 29.40011139077731),0
73.82454337604831,30.80367613658723,98.26810910813967,POINT (73.82454337604831 30.80367613658723),0
72.14905375054455,30.810945176674693,91.57184750855951,POINT (72.14905375054455 30.810945176674693),0
72.62183787696614,30.043700405238134,91.32852180507291,POINT (72.62183787696614 30.043700405238134),0
72.47616411430603,30.900188771553445,98.59162398490874,POINT (72.47616411430603 30.900188771553445),0
71.96846230371064,30.118404910642788,41.8641760041904,POINT (71.96846230371064 30.118404910642788),0
72.48102692393549,29.773345333206844,80.80209612447348,POINT (72.48102692393549 29.773345333206844),0
71.95557836107956,31.39140415422685,55.808525691359065,POINT (71.95557836107956 31.39140415422685),0
72.38962371396651,30.280200848891376,83.00510500981656,POINT (72.38962371396651 30.280200848891376),0
72.6674071207933,30.322604076078683,91.15736314236699,POINT (72.6674071207933 30.322604076078683),0
72.93058876160043,29.819870652818825,94.00547668862096,POINT (72.93058876160043 29.819870652818825),0
72.35825513889996,29.22378459596248,69.67601343846718,POINT (72.35825513889996 29.22378459596248),0
71.81234938388442,29.90385595327134,84.82665236124467,POINT (71.81234938388442 29.90385595327134),0
71.8293565261873,31.841853555245343,96.21443728785722,POINT (71.8293565261873 31.841853555245343),0
73.01690412261823,31.51258552152503,82.81519659444504,POINT (73.01690412261823 31.51258552152503),0
73.98104866134703,30.255238089671554,49.77139307456215,POINT (73.98104866134703 30.255238089671554),0
72.79884141834614,30.908801926697276,50.67474929776867,POINT (72.79884141834614 30.908801926697276),0
73.03332110980936,29.139052628895843,95.66010414725329,POINT (73.03332110980936 29.139052628895843),0
72.16337739744186,29.225764706423004,46.49496648849142,POINT (72.16337739744186 29.225764706423004),0
72.10266137490598,30.02467351939487,41.96859996986372,POINT (72.10266137490598 30.02467351939487),0
72.20026961123554,29.74865767387993,62.717255646071116,POINT (72.20026961123554 29.74865767387993),0
72.4643786724405,30.246611288489277,59.675433011842244,POINT (72.4643786724405 30.246611288489277),0
71.72696926924216,29.1768261852478,52.126858009387995,POINT (71.72696926924216 29.1768261852478),0
73.39159697083187,32.46866957174033,95.71157050343975,POINT (73.39159697083187 32.46866957174033),0
72.76153151142226,30.903940706732556,58.87489414215055,POINT (72.76153151142226 30.903940706732556),0
73.43475283883959,31.698032024831193,90.65634145494667,POINT (73.43475283883959 31.698032024831193),0
73.73817942468342,30.571640022124857,86.01253408643186,POINT (73.73817942468342 30.571640022124857),0
73.51577122707451,30.14246969905708,95.754534640369,POINT (73.51577122707451 30.14246969905708),0
71.73847639058857,32.480463058685544,86.20544308953217,POINT (71.73847639058857 32.480463058685544),0
71.73580417968952,31.328052493354758,42.05076465569561,POINT (71.73580417968952 31.328052493354758),0
73.42538662581268,31.815530862227885,76.14461518548686,POINT (73.42538662581268 31.815530862227885),0
73.64172353822376,29.42459389058048,56.555430522448795,POINT (73.64172353822376 29.42459389058048),0
72.5367870938953,29.23564340698627,66.89296525426997,POINT (72.5367870938953 29.23564340698627),0
72.16497278645696,30.429772929756087,65.5061579195384,POINT (72.16497278645696 30.429772929756087),0
73.69801168678526,30.012519402625774,93.62458772297632,POINT (73.69801168678526 30.012519402625774),0
72.56622352817287,30.20842930061787,70.15072296010877,POINT (72.56622352817287 30.20842930061787),0
72.54568724276164,29.968307952436298,70.16075948776401,POINT (72.54568724276164 29.968307952436298),0
71.88189712576477,30.290664368759593,73.94741316244543,POINT (71.88189712576477 30.290664368759593),0
72.53486697799708,31.899699630058272,55.403305692109974,POINT (72.53486697799708 31.899699630058272),0
73.9235498607622,31.766095841284343,98.05558155984833,POINT (73.9235498607622 31.766095841284343),0
73.59498884085643,29.575346493620835,71.58760543810082,POINT (73.59498884085643 29.575346493620835),0
71.92726638890468,31.880318867841584,75.04972895099775,POINT (71.92726638890468 31.880318867841584),0
72.16056948863483,32.25999585546965,46.91116319885564,POINT (72.16056948863483 32.25999585546965),0
72.9104005590644,31.548999354914333,43.530912239945906,POINT (72.9104005590644 31.548999354914333),0
72.99524865888269,31.872388833635235,44.051638865083206,POINT (72.99524865888269 31.872388833635235),0
72.78155845588213,29.97234727602687,79.77546709221525,POINT (72.78155845588213 29.97234727602687),0
71.79921870822879,32.285402032298826,93.6837149028839,POINT (71.79921870822879 32.285402032298826),0
71.96719215200977,30.19294572638908,75.25809847918259,POINT (71.96719215200977 30.19294572638908),0
73.29528359223909,30.599958621282838,49.377479317658505,POINT (73.29528359223909 30.599958621282838),0
71.76296212853197,32.49920001007469,67.32112728660923,POINT (71.76296212853197 32.49920001007469),0
73.68083924587465,30.735368037381114,95.3414583127602,POINT (73.68083924587465 30.735368037381114),0
71.7220474193978,29.47960282517862,95.77793126345347,POINT (71.7220474193978 29.47960282517862),0
73.86794264043178,30.16380325015417,61.309893219632315,POINT (73.86794264043178 30.16380325015417),0
72.63231578614756,30.5096367835174,51.4027129575758,POINT (72.63231578614756 30.5096367835174),0
73.74534495831267,29.95445094156561,82.3163445686591,POINT (73.74534495831267 29.95445094156561),0
71.67062057162649,29.22300716431357,79.22382835461524,POINT (71.67062057162649 29.22300716431357),0
72.34918358050285,31.325426615721756,45.64127213012982,POINT (72.34918358050285 31.325426615721756),0
73.87382904427,31.642660669085252,92.57603398154795,POINT (73.87382904427 31.642660669085252),0
71.8436305028951,30.18236075905268,62.10064985238064,POINT (71.8436305028951 30.18236075905268),0
72.84378293022374,30.10295435394333,43.63784453136431,POINT (72.84378293022374 30.10295435394333),0
72.42372043832073,29.95868406849587,63.15527748779289,POINT (72.42372043832073 29.95868406849587),0
71.99461101837959,29.98373093052864,77.61714042593613,POINT (71.99461101837959 29.98373093052864),0
72.47183197110685,30.268346525654117,72.03433796334238,POINT (72.47183197110685 30.268346525654117),0
73.42956390994644,30.38249874998582,75.25116955335044,POINT (73.42956390994644 30.38249874998582),0
73.91464175291897,30.87038240703985,94.58785459105266,POINT (73.91464175291897 30.87038240703985),0
73.48400687014404,29.291077857613526,65.74593228815542,POINT (73.48400687014404 29.291077857613526),0
73.24600274603999,32.45469958072716,67.50257746969075,POINT (73.24600274603999 32.45469958072716),0
71.73459249350034,31.00684547751364,47.59382752743762,POINT (71.73459249350034 31.00684547751364),0
73.37879282245736,30.821621652046947,83.4058821026372,POINT (73.37879282245736 30.821621652046947),0
73.6729271198888,31.235046685309623,76.7463597551909,POINT (73.6729271198888 31.235046685309623),0
73.38640745741732,31.96291334545229,92.14322717662016,POINT (73.38640745741732 31.96291334545229),0
71.59392976842447,30.987008340813343,52.976158587853085,POINT (71.59392976842447 30.987008340813343),0
73.65042334339132,31.30135254862678,65.21334874194629,POINT (73.65042334339132 31.30135254862678),0
71.97250815339089,30.24666544312328,82.22666167241347,POINT (71.97250815339089 30.24666544312328),0
72.01308142484825,29.409933618953048,93.28172549365306,POINT (72.01308142484825 29.409933618953048),0
73.41046903255197,29.77202089810664,57.5386926057995,POINT (73.41046903255197 29.77202089810664),0
73.92928716211868,31.505171733810506,76.63132025282948,POINT (73.92928716211868 31.505171733810506),0
72.27084069961863,30.11064752897809,42.37141712141383,POINT (72.27084069961863 30.11064752897809),0
73.32129073978722,29.238088659741425,40.29144026663674,POINT (73.32129073978722 29.238088659741425),0
73.323819739301,32.325705525497085,85.39018286363863,POINT (73.323819739301 32.325705525497085),0
72.68021391579845,30.747876860277973,66.16818535894632,POINT (72.68021391579845 30.747876860277973),0
72.31331059310739,30.86947592758095,65.8690574284669,POINT (72.31331059310739 30.86947592758095),0
72.99602702858176,32.15268116643628,99.70056503942862,POINT (72.99602702858176 32.15268116643628),0
71.69954325154777,30.40232442664978,50.84237174600857,POINT (71.69954325154777 30.40232442664978),0
72.38189270291814,30.070924267533428,50.4722278976073,POINT (72.38189270291814 30.070924267533428),0
73.41013382933954,30.78279795317915,95.15473493303355,POINT (73.41013382933954 30.78279795317915),0
71.58435073834455,29.319234744568266,64.19641497582064,POINT (71.58435073834455 29.319234744568266),0
71.70337219172848,29.98657146713781,99.16178458459741,POINT (71.70337219172848 29.98657146713781),0
72.02456318028159,29.76630319224796,74.41844012774254,POINT (72.02456318028159 29.76630319224796),0
72.74600373381972,31.06967219899422,62.604116692512804,POINT (72.74600373381972 31.06967219899422),0
73.56659885029778,29.5633349579225,65.70355875048794,POINT (73.56659885029778 29.5633349579225),0
73.22464557371644,32.05080484856843,62.17429638140546,POINT (73.22464557371644 32.05080484856843),0
72.92009301533801,29.326604986524256,50.21914528670973,POINT (72.92009301533801 29.326604986524256),0
71.67556885351541,31.57231874891216,57.283598123328446,POINT (71.67556885351541 31.57231874891216),0
73.30946824431882,29.31725837308643,91.75286802449952,POINT (73.30946824431882 29.31725837308643),0
73.58848337448528,29.39406697793272,41.42539038743119,POINT (73.58848337448528 29.39406697793272),0
71.64349687720305,32.00101062327453,54.082209343113746,POINT (71.64349687720305 32.00101062327453),0
72.87149020137403,30.544009113061133,87.73153157371613,POINT (72.87149020137403 30.544009113061133),0
72.7232901604708,30.797702871898334,99.34551636999414,POINT (72.7232901604708 30.797702871898334),0
71.87772337364615,31.922852797578756,43.104984736233085,POINT (71.87772337364615 31.922852797578756),0
72.69521132885413,32.11250404827007,79.91283793624729,POINT (72.69521132885413 32.11250404827007),0
73.21329568993787,29.988574946940584,65.11448748168726,POINT (73.21329568993787 29.988574946940584),0
72.41798633449363,30.868552047749617,67.73367580862009,POINT (72.41798633449363 30.868552047749617),0
72.31893828628496,30.132313955634558,55.051173499307325,POINT (72.31893828628496 30.132313955634558),0
72.41415792822436,29.60206549242501,92.32625812021442,POINT (72.41415792822436 29.60206549242501),0
73.00589000201623,29.546991303492014,81.63156005254008,POINT (73.00589000201623 29.546991303492014),0
73.61877550412294,29.900682859593356,49.03603566023584,POINT (73.61877550412294 29.900682859593356),0
71.52450867380584,29.251981130195645,85.7350808982107,POINT (71.52450867380584 29.251981130195645),0
73.96701708477606,29.243901507353876,84.88425754479356,POINT (73.96701708477606 29.243901507353876),0
71.68236796593904,31.109540013379092,85.36451694569428,POINT (71.68236796593904 31.109540013379092),0
72.39957417558027,29.128177557738365,75.71136112752555,POINT (72.39957417558027 29.128177557738365),0
73.97714659183751,29.969143556198716,51.36947663123295,POINT (73.97714659183751 29.969143556198716),0
71.81231902831277,30.98382193380128,75.7867059616164,POINT (71.81231902831277 30.98382193380128),0
73.48050800957732,31.65820209709968,93.55248968770523,POINT (73.48050800957732 31.65820209709968),0
73.51420865506238,29.933858212926136,73.35264429254566,POINT (73.51420865506238 29.933858212926136),0
72.24534024989758,30.215171337429027,95.91666215379979,POINT (72.24534024989758 30.215171337429027),0
73.20501217904742,32.41337617781434,65.01475220312467,POINT (73.20501217904742 32.41337617781434),0
72.84444418309153,30.751525178037074,46.43722345142361,POINT (72.84444418309153 30.751525178037074),0
72.0938081783384,30.88966511693674,44.042458307980375,POINT (72.0938081783384 30.88966511693674),0
73.82792897555498,29.513095496113145,51.87884478501442,POINT (73.82792897555498 29.513095496113145),0
73.41324177495083,29.42135954641395,94.01668597692456,POINT (73.41324177495083 29.42135954641395),0
73.31434962292344,29.32483536396981,81.51082367713917,POINT (73.31434962292344 29.32483536396981),0
73.0795448412596,31.672779951153657,89.69187114936015,POINT (73.0795448412596 31.672779951153657),0
73.29600300568019,31.08923360820827,59.347799114906664,POINT (73.29600300568019 31.08923360820827),0
73.2433950599275,32.35331182916479,75.25130683173245,POINT (73.2433950599275 32.35331182916479),0
73.1612047916119,30.581113208663343,85.36724858458447,POINT (73.1612047916119 30.581113208663343),0
73.99317781127723,29.63768324467932,52.14431677022574,POINT (73.99317781127723 29.63768324467932),0
72.84943664562631,30.73195686680472,74.29418707040313,POINT (72.84943664562631 30.73195686680472),0
71.62548882311978,30.469118867276133,74.97869572393364,POINT (71.62548882311978 30.469118867276133),0
72.96363761285718,31.331817209064564,83.21296174015983,POINT (72.96363761285718 31.331817209064564),0
73.10430181953878,31.784917941038124,77.4856380810755,POINT (73.10430181953878 31.784917941038124),0
72.84461912569286,31.157484245721438,46.07160200519994,POINT (72.84461912569286 31.157484245721438),0
72.1847987256509,30.888858592241636,92.37923292410242,POINT (72.1847987256509 30.888858592241636),0
73.19791268449482,29.399110180318548,75.53649702666426,POINT (73.19791268449482 29.399110180318548),0
72.0564580171422,31.593235853975735,89.64645115052483,POINT (72.0564580171422 31.593235853975735),0
72.98426685638456,31.106914272904554,60.31548659264884,POINT (72.98426685638456 31.106914272904554),0
72.61684005281863,32.036731788991894,83.3992198580294,POINT (72.61684005281863 32.036731788991894),0
72.80030513460082,30.346241027959323,43.02278429731326,POINT (72.80030513460082 30.346241027959323),0
71.85994647371065,29.74894217365867,62.40301259552048,POINT (71.85994647371065 29.74894217365867),0
73.85958254310238,30.81301843841296,54.09040979555387,POINT (73.85958254310238 30.81301843841296),0
71.76695234310394,30.244217363923966,88.94383813306341,POINT (71.76695234310394 30.244217363923966),0
72.45982361235262,31.72444954331101,88.16229856761274,POINT (72.45982361235262 31.72444954331101),0
71.77960864116797,31.16588196267997,97.54576380226665,POINT (71.77960864116797 31.16588196267997),0
72.50673663495927,29.264573493820205,95.39816141547271,POINT (72.50673663495927 29.264573493820205),0
73.70863103880491,30.870932407680208,73.13518722064057,POINT (73.70863103880491 30.870932407680208),0
72.0315057925292,31.884489570727222,69.91600230352759,POINT (72.0315057925292 31.884489570727222),0
71.58755897667582,31.41936628803028,97.02977618816237,POINT (71.58755897667582 31.41936628803028),0
73.57255962390299,30.035896179791752,43.199505096000436,POINT (73.57255962390299 30.035896179791752),0
73.85011712569529,32.28544053538739,71.94491918277217,POINT (73.85011712569529 32.28544053538739),0
73.10622425953215,30.667949866969217,65.18592202592552,POINT (73.10622425953215 30.667949866969217),0
71.80114329607804,29.420740305802813,53.963928800571246,POINT (71.80114329607804 29.420740305802813),0
73.59125530303074,29.588056896438008,53.60191911488265,POINT (73.59125530303074 29.588056896438008),0
72.87234069206822,29.824303835550648,49.792401083067226,POINT (72.87234069206822 29.824303835550648),0
72.90903733927811,30.34576677015456,77.56955715042815,POINT (72.90903733927811 30.34576677015456),0
73.77986452966005,29.60565068437529,94.80601958878384,POINT (73.77986452966005 29.60565068437529),0
73.7556149586876,31.917342480350428,77.87715503836512,POINT (73.7556149586876 31.917342480350428),0
73.050886057034,31.27003987898953,81.42973307306879,POINT (73.050886057034 31.27003987898953),0
71.54413957268801,32.35713341161657,75.1362256879348,POINT (71.54413957268801 32.35713341161657),0
73.45353873514844,30.377091517544095,40.74383283494776,POINT (73.45353873514844 30.377091517544095),0
72.7752977110516,30.819961835759933,66.2193572986871,POINT (72.7752977110516 30.819961835759933),0
72.35093376718854,29.942582115952124,71.65269246983097,POINT (72.35093376718854 29.942582115952124),0
72.43969423667495,32.397494782505106,50.375638466015886,POINT (72.43969423667495 32.397494782505106),0
72.3008852567972,30.093040641428956,72.59855057415743,POINT (72.3008852567972 30.093040641428956),0
72.74920352140747,31.28547562067789,97.00010623445247,POINT (72.74920352140747 31.28547562067789),0
72.21491182939269,31.45262755674721,41.50241218031102,POINT (72.21491182939269 31.45262755674721),0
72.15792162794313,30.671766924713186,41.85968730886807,POINT (72.15792162794313 30.671766924713186),0
73.04470297354187,31.403328695102264,84.8039028902828,POINT (73.04470297354187 31.403328695102264),0
72.79236996408815,31.149807757378635,63.76391507670924,POINT (72.79236996408815 31.149807757378635),0
71.60596756913638,29.431645871520892,79.29975545208785,POINT (71.60596756913638 29.431645871520892),0
73.98790602776609,29.144774822631593,73.45500980958298,POINT (73.98790602776609 29.144774822631593),0
73.37751784719487,31.909458066182115,72.71229407335841,POINT (73.37751784719487 31.909458066182115),0
73.05031028653953,31.46610501093548,91.53797498160583,POINT (73.05031028653953 31.46610501093548),0
71.80823468485823,32.248347725320635,41.5610442130942,POINT (71.80823468485823 32.248347725320635),0
73.59015457839061,29.352515788184665,51.67769269629534,POINT (73.59015457839061 29.352515788184665),0
71.51271978936731,30.608824634842918,60.061553603043535,POINT (71.51271978936731 30.608824634842918),0
71.91731830707162,30.6287114671966,64.14225299033103,POINT (71.91731830707162 30.6287114671966),0
73.41908193761606,32.13567052642335,79.1540351060249,POINT (73.41908193761606 32.13567052642335),0
71.8135283302614,30.097916758245354,94.7990978099368,POINT (71.8135283302614 30.097916758245354),0
71.72448129454769,30.477912242067266,96.55027715400888,POINT (71.72448129454769 30.477912242067266),0
73.87585944430784,30.49273275087738,80.04381328592784,POINT (73.87585944430784 30.49273275087738),0
72.64303701349158,31.659522324992434,41.89487984157991,POINT (72.64303701349158 31.659522324992434),0
71.86281624370771,31.184765141160483,53.95313574658381,POINT (71.86281624370771 31.184765141160483),0
73.16546653897579,30.28825408200831,93.19873348766929,POINT (73.16546653897579 30.28825408200831),0
73.54787142635772,30.771033344214487,86.37370522569147,POINT (73.54787142635772 30.771033344214487),0
72.17976016404279,30.77588100512932,51.848923111796694,POINT (72.17976016404279 30.77588100512932),0
73.6517718766284,31.896819811643383,94.12898010454008,POINT (73.6517718766284 31.896819811643383),0
73.69318254513574,32.362259616987025,53.70017389791556,POINT (73.69318254513574 32.362259616987025),0
73.8288334298251,31.038222890638096,65.34970503508913,POINT (73.8288334298251 31.038222890638096),0
72.9016932443358,30.258865694056464,57.31318041765712,POINT (72.9016932443358 30.258865694056464),0
72.1053205875919,29.37190525885829,69.79389382883124,POINT (72.1053205875919 29.37190525885829),0
73.71885314258186,31.239151078453304,71.25853796534642,POINT (73.71885314258186 31.239151078453304),0
72.57276792395429,30.67409158427794,52.55664085431705,POINT (72.57276792395429 30.67409158427794),0
73.55704794947397,29.76720736012306,82.99736540363878,POINT (73.55704794947397 29.76720736012306),0
73.3999225886944,31.05068605117675,91.77558249728972,POINT (73.3999225886944 31.05068605117675),0
72.22946167971682,32.09642126893905,83.76462757595826,POINT (72.22946167971682 32.09642126893905),0
73.49667957009335,31.356518687749567,90.78058101939817,POINT (73.49667957009335 31.356518687749567),0
73.98177476134322,30.523277187359945,88.83494102257421,POINT (73.98177476134322 30.523277187359945),0
73.36147107975701,30.63477968192884,95.61693998395072,POINT (73.36147107975701 30.63477968192884),0
72.48748712021319,31.018629855177323,46.35654141945769,POINT (72.48748712021319 31.018629855177323),0
72.0665348843894,31.956917314966645,63.79316336973084,POINT (72.0665348843894 31.956917314966645),0
72.48663388718049,29.929473889113645,69.49662005784727,POINT (72.48663388718049 29.929473889113645),0
73.51431913553115,32.142603993902455,44.20686592265103,POINT (73.51431913553115 32.142603993902455),0
72.93775254517533,30.683881638481758,76.8569110282947,POINT (72.93775254517533 30.683881638481758),0
72.61940011452303,30.44992005877138,68.31284274576936,POINT (72.61940011452303 30.44992005877138),0
72.955669825376,30.798801864728432,68.32866706123878,POINT (72.955669825376 30.798801864728432),0
73.54431693365537,31.63288856692898,60.48270965087157,POINT (73.54431693365537 31.63288856692898),0
73.50124048531823,32.00108049570324,49.20953232245143,POINT (73.50124048531823 32.00108049570324),0
72.95737542447998,30.06355711737908,84.35033931560335,POINT (72.95737542447998 30.06355711737908),0
72.09900818207927,31.379781754258282,55.307479363458036,POINT (72.09900818207927 31.379781754258282),0
72.77881483352114,32.32493067377309,62.87845230738607,POINT (72.77881483352114 32.32493067377309),0
73.68884326096416,32.4554927717822,92.49105092830979,POINT (73.68884326096416 32.4554927717822),0
71.91700161018946,31.885196836217325,41.92896370603368,POINT (71.91700161018946 31.885196836217325),0
72.48468150171347,32.05931714297793,81.32513276559519,POINT (72.48468150171347 32.05931714297793),0
72.83272010663534,30.41316724790916,88.73781678821716,POINT (72.83272010663534 30.41316724790916),0
73.27405777625475,30.68774057510179,93.54906023257959,POINT (73.27405777625475 30.68774057510179),0
72.0769502524753,29.67178169387267,78.56822586001489,POINT (72.0769502524753 29.67178169387267),0
73.92909787938362,29.93382238406011,54.98022273602959,POINT (73.92909787938362 29.93382238406011),0
71.85118912451362,32.02464721628334,53.583852424680046,POINT (71.85118912451362 32.02464721628334),0
72.75893360270531,32.46888336475732,40.728454055322615,POINT (72.75893360270531 32.46888336475732),0
72.89198928191495,30.83734457548543,88.44684258460929,POINT (72.89198928191495 30.83734457548543),0
72.38978272272372,30.489794726622723,50.07627883593182,POINT (72.38978272272372 30.489794726622723),0
73.35207481816292,31.766051142313316,48.19979924672982,POINT (73.35207481816292 31.766051142313316),0
72.48506885667484,32.134902419690924,40.16243642054723,POINT (72.48506885667484 32.134902419690924),0
72.24870264027409,30.983094653972643,60.0456315795972,POINT (72.24870264027409 30.983094653972643),0
72.18202479218746,30.659213789783543,50.891386486581624,POINT (72.18202479218746 30.659213789783543),0
72.82494460143486,31.500097065348918,74.51769715771013,POINT (72.82494460143486 31.500097065348918),0
71.7354008898229,31.969573406551856,50.49867024924929,POINT (71.7354008898229 31.969573406551856),0
73.41197075352537,30.32010251914595,86.96568088336613,POINT (73.41197075352537 30.32010251914595),0
72.01785716689974,29.727249777708092,69.82155077304893,POINT (72.01785716689974 29.727249777708092),0
71.58520829268711,29.858961157642852,83.4407351310609,POINT (71.58520829268711 29.858961157642852),0
73.59310916185034,29.36630538420039,92.92466256628626,POINT (73.59310916185034 29.36630538420039),0
73.49360294131674,32.05574073249461,81.9057132747304,POINT (73.49360294131674 32.05574073249461),0
73.18568605596573,30.880995341795977,79.1672334694789,POINT (73.18568605596573 30.880995341795977),0
73.79709772275824,29.4335895550297,58.94586867076547,POINT (73.79709772275824 29.4335895550297),0
71.6838476140953,32.31183531167442,66.71592795996328,POINT (71.6838476140953 32.31183531167442),0
73.18865979880776,31.958362411901682,99.46001488458931,POINT (73.18865979880776 31.958362411901682),0
71.9068090146495,31.81651842415401,93.24537388820418,POINT (71.9068090146495 31.81651842415401),0
71.62499294061979,31.661670128728638,61.28351927179302,POINT (71.62499294061979 31.661670128728638),0
73.12189759151019,30.843341705116096,55.584535125198215,POINT (73.12189759151019 30.843341705116096),0
71.84051251956195,29.48958481232442,46.199371462509504,POINT (71.84051251956195 29.48958481232442),0
73.0949239401759,30.288894733506165,52.99800629235234,POINT (73.0949239401759 30.288894733506165),0
73.22994519139394,31.432438854654464,72.35009754141987,POINT (73.22994519139394 31.432438854654464),0
73.83665471089716,30.40481565640695,90.15177827615759,POINT (73.83665471089716 30.40481565640695),0
71.69054796219876,31.613058182686665,99.3068448299158,POINT (71.69054796219876 31.613058182686665),0
73.61610914785439,31.067034994599926,77.60596385962964,POINT (73.61610914785439 31.067034994599926),0
72.38481071539462,31.407333057563704,86.22372299087962,POINT (72.38481071539462 31.407333057563704),0
73.99457828887016,30.769755330346175,43.67824394640654,POINT (73.99457828887016 30.769755330346175),0
72.99026144502453,29.496665229704213,54.68590261336661,POINT (72.99026144502453 29.496665229704213),0
72.32363465861911,31.583053940550247,51.02848743271004,POINT (72.32363465861911 31.583053940550247),0
71.9167193553185,29.244187599102755,92.39439618123285,POINT (71.9167193553185 29.244187599102755),0
73.23398953919272,29.227081495937053,41.697538338286876,POINT (73.23398953919272 29.227081495937053),0
72.89745104400174,30.054088027426527,75.80358102591572,POINT (72.89745104400174 30.054088027426527),0
72.58777202249969,32.23856485617189,57.26854089768207,POINT (72.58777202249969 32.23856485617189),0
73.19814683962348,29.27517655373897,97.35163205133551,POINT (73.19814683962348 29.27517655373897),0
73.95097063989924,31.610479317779852,67.91274829381439,POINT (73.95097063989924 31.610479317779852),0
72.05210362456084,31.860849455539338,84.18124582882135,POINT (72.05210362456084 31.860849455539338),0
72.05699728274413,30.629138059311536,67.7679362690071,POINT (72.05699728274413 30.629138059311536),0
73.56572073273188,31.4221949133633,78.5900526124033,POINT (73.56572073273188 31.4221949133633),0
73.12496924671794,30.01295954762281,62.302675589772036,POINT (73.12496924671794 30.01295954762281),0
71.61697306445002,31.773661026097113,65.97989291018882,POINT (71.61697306445002 31.773661026097113),0
72.59684293929058,29.92734404278523,52.56563688756573,POINT (72.59684293929058 29.92734404278523),0
72.9702035362043,29.88369648413085,43.852531093927865,POINT (72.9702035362043 29.88369648413085),0
73.41869851028832,30.374321948834744,62.814135033958266,POINT (73.41869851028832 30.374321948834744),0
72.57957043066341,31.869469307480532,59.25021375638903,POINT (72.57957043066341 31.869469307480532),0
73.39505838329956,32.29390231670154,79.65209175548796,POINT (73.39505838329956 32.29390231670154),0
72.58047597861786,31.640189945179294,67.47384218508313,POINT (72.58047597861786 31.640189945179294),0
72.53741046868592,30.881642832935636,59.063340088557624,POINT (72.53741046868592 30.881642832935636),0
71.76320853983488,30.50517197203925,47.43141286775811,POINT (71.76320853983488 30.50517197203925),0
72.52746191799439,30.989542748988775,95.8426708723388,POINT (72.52746191799439 30.989542748988775),0
71.59341093828908,31.209513853605777,67.46411119900463,POINT (71.59341093828908 31.209513853605777),0
71.55357177599753,29.941634686592693,47.10911514128809,POINT (71.55357177599753 29.941634686592693),0
72.04411818774568,30.026937416982616,64.07838012293178,POINT (72.04411818774568 30.026937416982616),0
72.82348232614827,29.094274988294444,49.71216163772445,POINT (72.82348232614827 29.094274988294444),0
71.73654169847957,30.96479158542662,59.74449222407619,POINT (71.73654169847957 30.96479158542662),0
72.87180074914265,29.847117819443696,41.453761245255095,POINT (72.87180074914265 29.847117819443696),0
73.85265178557053,29.4601332159454,47.611524877703005,POINT (73.85265178557053 29.4601332159454),0
71.8687808789693,32.43616979794547,77.05961441019977,POINT (71.8687808789693 32.43616979794547),0
73.0262837194528,32.45465283879682,45.30632615647929,POINT (73.0262837194528 32.45465283879682),0
73.93535422778555,29.786401217917383,77.38429021372212,POINT (73.93535422778555 29.786401217917383),0
72.55152857899577,30.39983012732505,95.87459970876776,POINT (72.55152857899577 30.39983012732505),0
71.87547241018687,32.49000796566002,62.747503665492914,POINT (71.87547241018687 32.49000796566002),0
73.12234216010583,32.39059083829992,43.45606302273849,POINT (73.12234216010583 32.39059083829992),0
73.80646944986127,31.02662579381149,82.26381273864715,POINT (73.80646944986127 31.02662579381149),0
71.87536372298032,30.909271090446072,80.41082288351461,POINT (71.87536372298032 30.909271090446072),0
72.64179327923965,29.61925997068136,54.6471445051346,POINT (72.64179327923965 29.61925997068136),0
73.63556440631977,29.208415061666173,82.53172470644874,POINT (73.63556440631977 29.208415061666173),0
73.99747753114025,29.11641028202758,49.66274096919639,POINT (73.99747753114025 29.11641028202758),0
73.18566417502926,29.29541475418491,75.38739903135153,POINT (73.18566417502926 29.29541475418491),0
73.2102642584884,31.095949715355676,61.911082181264035,POINT (73.2102642584884 31.095949715355676),0
73.24341661078265,31.116909134541917,52.458230325635185,POINT (73.24341661078265 31.116909134541917),0
72.90858631678843,32.09740989394832,80.009997141427,POINT (72.90858631678843 32.09740989394832),0
72.68059160245504,30.187212365092247,45.15317256625437,POINT (72.68059160245504 30.187212365092247),0
72.11358932336654,29.129036759948473,99.19755505149786,POINT (72.11358932336654 29.129036759948473),0
72.05831570131333,31.868893576208706,50.11869290829871,POINT (72.05831570131333 31.868893576208706),0
72.21086846941552,30.516849208981427,59.46433984849631,POINT (72.21086846941552 30.516849208981427),0
73.4956836286486,32.35577259726538,92.51766901905091,POINT (73.4956836286486 32.35577259726538),0
71.8863303559016,31.738709366542366,48.87681479828269,POINT (71.8863303559016 31.738709366542366),0
73.782799241979,30.85639985231175,60.18286528340241,POINT (73.782799241979 30.85639985231175),0
71.89493564134615,29.131158362511044,54.87681949965308,POINT (71.89493564134615 29.131158362511044),0
73.78439407795015,31.80884653967525,98.18762246504318,POINT (73.78439407795015 31.80884653967525),0
71.75450075671894,31.10969655448518,55.4290284418466,POINT (71.75450075671894 31.10969655448518),0
72.85818249760793,30.183362750374375,57.00793301460145,POINT (72.85818249760793 30.183362750374375),0
72.93531787385339,29.71584994562945,68.14800621832701,POINT (72.93531787385339 29.71584994562945),0
73.12742741354991,29.5278855056875,95.83565625261424,POINT (73.12742741354991 29.5278855056875),0
72.76528884983749,31.88475280895091,79.2343258372638,POINT (72.76528884983749 31.88475280895091),0
73.27516234929146,31.532261990938686,92.50599382368836,POINT (73.27516234929146 31.532261990938686),0
73.03455916587711,30.03937009193339,45.97057857192743,POINT (73.03455916587711 30.03937009193339),0
73.01620154614756,29.31710334333429,54.47760710137182,POINT (73.01620154614756 29.31710334333429),0
71.65452513276637,30.96211267968229,49.62028749657208,POINT (71.65452513276637 30.96211267968229),0
73.02657666930595,31.787038317625967,89.31284324631174,POINT (73.02657666930595 31.787038317625967),0
72.27562059631151,30.962340897408808,73.78064560518155,POINT (72.27562059631151 30.962340897408808),0
72.6833264066568,31.324248767256165,52.60522742941201,POINT (72.6833264066568 31.324248767256165),0
73.94719112600863,29.4252639385357,89.75326847218716,POINT (73.94719112600863 29.4252639385357),0
72.98586358343016,29.925634318658098,84.74050003961798,POINT (72.98586358343016 29.925634318658098),0
71.71386431560997,31.730967839419346,75.39911333458082,POINT (71.71386431560997 31.730967839419346),0
71.77943279471742,29.361942415138202,85.05018000618776,POINT (71.77943279471742 29.361942415138202),0
72.23416802263358,32.122618939450504,85.72438126181056,POINT (72.23416802263358 32.122618939450504),0
73.24568285081541,30.040695894032698,82.53667114129708,POINT (73.24568285081541 30.040695894032698),0
73.86957662054903,29.40303663135271,59.569758520213966,POINT (73.86957662054903 29.40303663135271),0
72.08874197459214,30.431529033185313,84.53995929123678,POINT (72.08874197459214 30.431529033185313),0
72.68670948323776,31.036577709324533,58.849293284700536,POINT (72.68670948323776 31.036577709324533),0
71.8556580106494,30.000903502593612,91.58081807451921,POINT (71.8556580106494 30.000903502593612),0
73.00663273753491,30.37950118579669,87.39435890413526,POINT (73.00663273753491 30.37950118579669),0
71.66388575140745,29.956440107836205,53.80618924344036,POINT (71.66388575140745 29.956440107836205),0
73.96246994717188,31.49806067723516,77.06715618331324,POINT (73.96246994717188 31.49806067723516),0
71.515442473375,29.719231228124535,78.1324775783847,POINT (71.515442473375 29.719231228124535),0
72.45077943889824,32.241864256000284,85.88345314850548,POINT (72.45077943889824 32.241864256000284),0
72.61967064571908,31.64607150992572,98.52425942957329,POINT (72.61967064571908 31.64607150992572),0
72.65360813845487,31.2813350044008,95.1198769036777,POINT (72.65360813845487 31.2813350044008),0
72.12369195644229,32.11326458347971,45.85268240637896,POINT (72.12369195644229 32.11326458347971),0
73.12152663378676,31.759673554400674,76.87637315514556,POINT (73.12152663378676 31.759673554400674),0
72.73985487116474,31.195497998356657,49.09982252676667,POINT (72.73985487116474 31.195497998356657),0
72.04106449298422,30.011013853481565,75.86676043780228,POINT (72.04106449298422 30.011013853481565),0
72.6059850800677,29.924342594618476,92.96855992867481,POINT (72.6059850800677 29.924342594618476),0
72.43630891337189,30.61146673402662,64.58206459293967,POINT (72.43630891337189 30.61146673402662),0
71.95712961637078,31.585089658303207,66.90749573613148,POINT (71.95712961637078 31.585089658303207),0
71.54357774629223,32.37731911271479,88.94581669572483,POINT (71.54357774629223 32.37731911271479),0
73.30900414781314,32.05372109578472,94.40843521633302,POINT (73.30900414781314 32.05372109578472),0
72.34537430713556,31.17371923059037,76.52846855233565,POINT (72.34537430713556 31.17371923059037),0
72.17017997335125,29.847557420408197,46.834435289141325,POINT (72.17017997335125 29.847557420408197),0
73.14864823300746,31.75313093232303,85.65717877102023,POINT (73.14864823300746 31.75313093232303),0
72.2924233414537,29.790651356220923,67.21685070727732,POINT (72.2924233414537 29.790651356220923),0
72.86784639676031,32.2241599279576,92.48938925644325,POINT (72.86784639676031 32.2241599279576),0
73.78948159492936,31.98952949716707,97.87487226617867,POINT (73.78948159492936 31.98952949716707),0
72.66488799293397,29.252741900099164,45.013721928908694,POINT (72.66488799293397 29.252741900099164),0
72.47712924986376,29.969381062858776,50.19643548166404,POINT (72.47712924986376 29.969381062858776),0
73.88219662117358,29.757104918850654,97.56275633891386,POINT (73.88219662117358 29.757104918850654),0
73.40205374544173,31.2759478908421,80.5611376053627,POINT (73.40205374544173 31.2759478908421),0
72.33035991185317,31.29463441544449,51.20152709687592,POINT (72.33035991185317 31.29463441544449),0
73.8435127596098,30.11974367525966,55.311190737612534,POINT (73.8435127596098 30.11974367525966),0
73.27806234429261,31.328799324759423,67.07793510059832,POINT (73.27806234429261 31.328799324759423),0
73.0815858017882,29.634627830939937,80.3996984441173,POINT (73.0815858017882 29.634627830939937),0
72.1784442952072,30.02102512808771,49.730796096627074,POINT (72.1784442952072 30.02102512808771),0
72.33261332905026,30.22016798970735,67.25074070213616,POINT (72.33261332905026 30.22016798970735),0
71.9782870836472,29.74888199151885,72.5043142997937,POINT (71.9782870836472 29.74888199151885),0
71.82467800205751,31.439418789934738,96.6368275517558,POINT (71.82467800205751 31.439418789934738),0
72.56828187167429,32.16285812306197,45.89899546755187,POINT (72.56828187167429 32.16285812306197),0
71.6102222379296,31.550118640332432,85.66129437888979,POINT (71.6102222379296 31.550118640332432),0
73.60727336945051,29.284597147433377,86.61442329740983,POINT (73.60727336945051 29.284597147433377),0
72.44284067706026,30.125008323576886,50.38143528059781,POINT (72.44284067706026 30.125008323576886),0
73.9890553247359,29.30793554234694,89.62048087647997,POINT (73.9890553247359 29.30793554234694),0
73.09917811098435,31.596862742533133,82.70302719530778,POINT (73.09917811098435 31.596862742533133),0
73.64565247474266,29.71746554534646,40.04947701008112,POINT (73.64565247474266 29.71746554534646),0
72.99692710865199,30.297239487317178,47.42723986702826,POINT (72.99692710865199 30.297239487317178),0
71.96760233024418,30.221866581104738,44.214002253202196,POINT (71.96760233024418 30.221866581104738),0
71.64505535251261,32.21372510534928,58.72616496122177,POINT (71.64505535251261 32.21372510534928),0
73.95464782089407,32.37852356809917,48.55427693962683,POINT (73.95464782089407 32.37852356809917),0
73.28745106002889,31.139103947523093,81.43882438630922,POINT (73.28745106002889 31.139103947523093),0
71.74309273603613,29.733720164073073,44.59831968705289,POINT (71.74309273603613 29.733720164073073),0
73.0109189762218,32.45428763667714,80.31907225947648,POINT (73.0109189762218 32.45428763667714),0
73.27706079141473,32.447448865125196,80.68069325030777,POINT (73.27706079141473 32.447448865125196),0
71.60329320528066,32.046608793880225,61.88069742272778,POINT (71.60329320528066 32.046608793880225),0
71.51389159930073,30.820112034722595,96.22090005257581,POINT (71.51389159930073 30.820112034722595),0
72.14529739523867,30.76651755825444,50.42661326694345,POINT (72.14529739523867 30.76651755825444),0
71.64700090847944,29.365485777839677,83.62065435768133,POINT (71.64700090847944 29.365485777839677),0
73.6597298789724,29.57942007289567,57.29911406862812,POINT (73.6597298789724 29.57942007289567),0
71.98979355124149,29.182454029119885,73.20588219321903,POINT (71.98979355124149 29.182454029119885),0
73.25000573666357,31.299579120085294,63.28321283813486,POINT (73.25000573666357 31.299579120085294),0
72.888305573866,29.411693946253553,49.25822312336106,POINT (72.888305573866 29.411693946253553),0
73.82875937040424,31.68695606309281,95.36434574951004,POINT (73.82875937040424 31.68695606309281),0
73.79103399011042,31.304744370982,95.69431888672992,POINT (73.79103399011042 31.304744370982),0
72.54309344129382,29.103228140096345,43.75426695076956,POINT (72.54309344129382 29.103228140096345),0
71.77628036494923,29.41596945724569,61.102143451015806,POINT (71.77628036494923 29.41596945724569),0
73.25337193454496,31.786300846581746,75.41279646067748,POINT (73.25337193454496 31.786300846581746),0
71.86850469169423,31.640571351883345,61.28811514825594,POINT (71.86850469169423 31.640571351883345),0
71.5354313982848,30.047454666258197,59.836033248458676,POINT (71.5354313982848 30.047454666258197),0
72.18751685590438,31.8586465392318,85.59558385564542,POINT (72.18751685590438 31.8586465392318),0
73.23909786790995,29.564782213156164,88.47003458237691,POINT (73.23909786790995 29.564782213156164),0
73.19323120031166,29.755121156983716,78.88563581689098,POINT (73.19323120031166 29.755121156983716),0
72.70984505594518,30.588688295874057,46.72738980834333,POINT (72.70984505594518 30.588688295874057),0
72.79668747250953,29.431577529967687,49.855203235256,POINT (72.79668747250953 29.431577529967687),0
71.83383560042981,32.34355053417757,57.09188142663341,POINT (71.83383560042981 32.34355053417757),0
72.38958999169563,30.188904994923817,93.89502671068863,POINT (72.38958999169563 30.188904994923817),0
72.90816291469189,32.224408011453555,57.995494349673734,POINT (72.90816291469189 32.224408011453555),0
71.78962734738215,30.987104327181985,60.732219507401055,POINT (71.78962734738215 30.987104327181985),0
73.5045594563929,32.08894234332074,68.3544106544243,POINT (73.5045594563929 32.08894234332074),0
73.92751212411743,30.976176639928713,56.25522360317875,POINT (73.92751212411743 30.976176639928713),0
72.72348288629931,29.21809451783082,88.24006961578405,POINT (72.72348288629931 29.21809451783082),0
71.75618188693264,30.143454472155597,73.91899282029661,POINT (71.75618188693264 30.143454472155597),0
71.61026591361465,29.361299240999475,81.76698145678077,POINT (71.61026591361465 29.361299240999475),0
71.68215562427967,30.717323199323932,60.321738005245024,POINT (71.68215562427967 30.717323199323932),0
72.07228620225922,29.734466140707024,85.80467762395477,POINT (72.07228620225922 29.734466140707024),0
73.8780493141031,29.56878675914538,97.58087315044762,POINT (73.8780493141031 29.56878675914538),0
72.98752720867385,31.27838448792388,82.59558268855491,POINT (72.98752720867385 31.27838448792388),0
73.26048075032503,31.88571804891583,69.00811908086185,POINT (73.26048075032503 31.88571804891583),0
72.83426303443669,30.194858634098033,46.315455626987024,POINT (72.83426303443669 30.194858634098033),0
73.16194191655184,29.20547974595285,56.5381030650021,POINT (73.16194191655184 29.20547974595285),0
71.73819774165747,29.74110795202888,78.32385477384284,POINT (71.73819774165747 29.74110795202888),0
73.07167766899147,30.52631830389368,45.41031858936947,POINT (73.07167766899147 30.52631830389368),0
72.58470129548269,30.29344254265211,83.22754917135698,POINT (72.58470129548269 30.29344254265211),0
72.94825041406483,30.766696857428563,69.21892493829971,POINT (72.94825041406483 30.766696857428563),0
73.914877030602,31.66918263120923,69.81877362760767,POINT (73.914877030602 31.66918263120923),0
72.69913964177088,29.181169904258752,96.5505557991884,POINT (72.69913964177088 29.181169904258752),0
72.29965823353125,29.963421924039643,99.96453552326028,POINT (72.29965823353125 29.963421924039643),0
